call_order,egpack,xml,scene,message_tag_index,order_in_message,text_attr,id,speaker_id,speaker_jp,jp,cn_final,review_status,audit_flags
1,010_UAFプロローグ.egpack,010_UAFプロローグ.xml,010_UAFプロローグ,1,1,text,game_t00000,game_s00003,オペレーター,「移民船団指揮艦『マルドゥーク』のＧＳ機関起動を確認。全移民船団は重力勾配航法に入りました」,「移民船团指挥舰‘马尔杜克’的GS机关启动确认。全移民船团已进入重力梯度航法。」,自动修正,
2,010_UAFプロローグ.egpack,010_UAFプロローグ.xml,010_UAFプロローグ,2,1,text,game_t00001,game_s00003,オペレーター,「――移民船団指揮艦『マルドゥーク』より入電。航法開始直前の発信です」,「——移民船团指挥舰‘马尔杜克’来电。这是航行开始前发出的信号。」,自动修正,
3,010_UAFプロローグ.egpack,010_UAFプロローグ.xml,010_UAFプロローグ,3,1,text,game_t00002,game_s00003,オペレーター,「『人類の勝利と地球の再興を祈る。遙か宇宙の深淵を越え、\w互いの捷報を伝え合わん事を』」,「『祈愿人类的胜利与地球的复兴。跨越遥远宇宙的深渊，互相传达彼此的捷报』」,自动修正,
4,010_UAFプロローグ.egpack,010_UAFプロローグ.xml,010_UAFプロローグ,4,1,text,game_t00003,game_s00003,オペレーター,「――返信なさいますか？」,「——您要回复吗？」,自动修正,
5,010_UAFプロローグ.egpack,010_UAFプロローグ.xml,010_UAFプロローグ,5,1,text,game_t00004,game_s00006,テイラー大将,「以降の返信が彼らに届くのは何年後だ？」,「之后的回复要过多少年才能送到他们那里？」,自动修正,
6,010_UAFプロローグ.egpack,010_UAFプロローグ.xml,010_UAFプロローグ,6,1,text,game_t00005,game_s00003,オペレーター,「重力勾配航行に入った場合、\w通信は双方向共に非常に困難かつ不安定です。機関周期によって、\w数ヶ月後から数年後までの幅があります」,「进入重力梯度航行后，通信双向都非常困难且不稳定。根据机关周期，从几个月后到几年后不等。」,自动修正,
7,010_UAFプロローグ.egpack,010_UAFプロローグ.xml,010_UAFプロローグ,7,1,text,game_t00006,game_s00003,オペレーター,「もっとも確実なのは、\w船団が目的地に到着するその時――地球時間において約６０年後になります」,「最可靠的是，船团到达目的地的那一刻——在地球时间约60年后」,自动修正,
8,010_UAFプロローグ.egpack,010_UAFプロローグ.xml,010_UAFプロローグ,8,1,text,game_t00007,game_s00006,テイラー大将,「ならば、\w今送信する必要はあるまい。５．９光年――５４年後の返信で十分だ。こちらからの別れは既に告げてある」,「那么，现在就没有必要发送了。5.9光年——54年后的回信就足够了。我们这边的告别已经告知了。」,自动修正,
9,010_UAFプロローグ.egpack,010_UAFプロローグ.xml,010_UAFプロローグ,9,1,text,game_t00008,game_s00003,オペレーター,「は――」,「哈——」,自动修正,
10,010_UAFプロローグ.egpack,010_UAFプロローグ.xml,010_UAFプロローグ,10,1,text,game_t00009,game_s00006,テイラー大将,「…\w…\w互いの捷報、\wか。分の悪い賭けに乗せられた側の最後の強がりといったところだな」,「……彼此的捷报，吗。这大概是被迫参与不利赌局的一方最后的逞强吧。」,自动修正,
11,010_UAFプロローグ.egpack,010_UAFプロローグ.xml,010_UAFプロローグ,11,1,text,game_t00010,game_s00003,オペレーター,「…\w…\w…\w…\w」,「…………」,OK,
12,010_UAFプロローグ.egpack,010_UAFプロローグ.xml,010_UAFプロローグ,12,1,text,game_t00011,game_s00006,テイラー大将,「北米航空宇宙防衛司令部より国連統合参謀会議へ。『マルドゥークはバビロンの鍵を得たり』」,「北美航空宇宙防卫司令部向联合国联合参谋会议报告。『马尔杜克获得了巴比伦的钥匙』」,自动修正,
13,010_UAFプロローグ.egpack,010_UAFプロローグ.xml,010_UAFプロローグ,13,1,text,game_t00012,game_s00003,オペレーター,「了解。『マルドゥークはバビロンの鍵を得たり』、\w繰り返す、\w『マルドゥークはバビロンの鍵を得たり』」,「了解。『马尔杜克是巴比伦的钥匙』，重复，『马尔杜克是巴比伦的钥匙』」,自动修正,
14,010_UAFプロローグ.egpack,010_UAFプロローグ.xml,010_UAFプロローグ,14,1,text,game_t00013,game_s00006,テイラー大将,「諸君、\wいよいよだ――」,「诸位，终于到了——」,自动修正,
15,010_UAFプロローグ.egpack,010_UAFプロローグ.xml,010_UAFプロローグ,15,1,text,game_t00014,game_s00006,テイラー大将,「人類はまもなく勝利し、\wこの地球は再興する。６０年後ではなく、\w数年以内にな」,「人类不久将取得胜利，这个地球将复兴。不是在60年后，而是在几年之内。」,自动修正,
16,010_UAFプロローグ.egpack,010_UAFプロローグ.xml,010_UAFプロローグ,16,1,text,game_t00015,game_s00006,テイラー大将,「５４年後、\w彼らに送り届けようではないか――この美しき地球の姿を、\w緑溢れるユーラシアを」,「54年后，让我们把这美丽的地球、绿意盎然的欧亚大陆送到他们手中吧。」,自动修正,
17,010_UAFプロローグ.egpack,010_UAFプロローグ.xml,010_UAFプロローグ,17,1,text,game_t00016,game_s00003,オペレーター,「――司令、\w国連統合参謀会議より返電。『バビロンの扉は開かれり』、\w以上です」,「——司令，联合国联合参谋会议回电。‘巴比伦之门已开启’，以上。」,自动修正,
18,010_UAFプロローグ.egpack,010_UAFプロローグ.xml,010_UAFプロローグ,18,1,text,game_t00017,game_s00006,テイラー大将,「来たか――」,「来了吗――」,自动修正,
19,010_UAFプロローグ.egpack,010_UAFプロローグ.xml,010_UAFプロローグ,19,1,text,game_t00018,game_s00006,テイラー大将,「諸君――現時刻を以って『バビロン作戦』を発動する――！」,「诸君——现时刻起发动『巴比伦作战』——！」,自动修正,
20,020_UAF_DAY91_01.egpack,020_UAF_DAY91_01.xml,020_UAF_DAY91_01,1,1,text,game_t00019,,,―\w―\w変わらぬ空を、\w今日も飛ぶ。,——今天也飞翔在不变的天空中。,OK,
21,020_UAF_DAY91_01.egpack,020_UAF_DAY91_01.xml,020_UAF_DAY91_01,2,1,text,game_t00020,game_s00014,少尉,「…\w…\wナイヴス２よりナイヴス１。予定地点到達まで後１２０秒」,「……黑刃2呼叫黑刃1。距离到达预定地点还有120秒」,自动修正,
22,020_UAF_DAY91_01.egpack,020_UAF_DAY91_01.xml,020_UAF_DAY91_01,3,1,text,game_t00021,game_s00012,中尉,「ナイヴス１了解。減速を開始する。測地準備に入れ」,「黑刃1了解。开始减速。进入测地准备」,自动修正,
23,020_UAF_DAY91_01.egpack,020_UAF_DAY91_01.xml,020_UAF_DAY91_01,4,1,text,game_t00022,game_s00014,少尉,「ナイヴス２了解」,「黑刃2了解」,自动修正,
24,020_UAF_DAY91_01.egpack,020_UAF_DAY91_01.xml,020_UAF_DAY91_01,5,1,text,game_t00023,game_s00014,少尉,「…\w…\w…\w…\w」,「…………」,OK,
25,020_UAF_DAY91_01.egpack,020_UAF_DAY91_01.xml,020_UAF_DAY91_01,6,1,text,game_t00024,,,滑らかに、穏やかに―\w―,平滑地、平稳地——,OK,
26,020_UAF_DAY91_01.egpack,020_UAF_DAY91_01.xml,020_UAF_DAY91_01,7,1,text,game_t00025,,,…\w…\wよし、\w特に問題ないな。,……好，没什么问题。,OK,
27,020_UAF_DAY91_01.egpack,020_UAF_DAY91_01.xml,020_UAF_DAY91_01,8,1,text,game_t00026,game_s00014,少尉,「対地光学映像記録完了、\wＧＰＳ照合に回します。…\w…\w元の座標データじゃ深海層か」,「对地光学影像记录完成，转交GPS核对。……原来的坐标数据是深海层吗」,自动修正,
28,020_UAF_DAY91_01.egpack,020_UAF_DAY91_01.xml,020_UAF_DAY91_01,9,1,text,game_t00027,game_s00012,中尉,「ナイヴス１了解。こちらも記録を完了した。誤差はないようだ」,「黑刃1了解。这边也完成了记录。似乎没有误差。」,自动修正,
29,020_UAF_DAY91_01.egpack,020_UAF_DAY91_01.xml,020_UAF_DAY91_01,10,1,text,game_t00028,game_s00012,中尉,「悪くない飛び方だったな、\wウィル。滑らかに穏やかに」,「飞得不错，威尔。平稳而柔和」,自动修正,
30,020_UAF_DAY91_01.egpack,020_UAF_DAY91_01.xml,020_UAF_DAY91_01,11,1,text,game_t00029,game_s00012,中尉,「女を扱うように優しくするんだ。貴様のようなガサツな奴は女にも戦術機にも嫌われるぞ」,「要像对待女性一样温柔。像你这样粗鲁的家伙，无论是女性还是战术机都会讨厌你。」,自动修正,
31,020_UAF_DAY91_01.egpack,020_UAF_DAY91_01.xml,020_UAF_DAY91_01,12,1,text,game_t00030,,,やれやれ…\w…\wうまく飛んでも結局『坊や』扱いは変わらずか。,哎呀呀……就算飞得再好，到头来还是被当成‘小鬼’啊。,OK,
32,020_UAF_DAY91_01.egpack,020_UAF_DAY91_01.xml,020_UAF_DAY91_01,13,1,text,game_t00031,game_s00001,ウィル,「了解です、\wマクマナス中尉。――中尉を扱うように丁寧に心掛けます」,「了解，麦克马纳斯中尉。――我会注意像对待中尉一样礼貌对待您」,自动修正,
33,020_UAF_DAY91_01.egpack,020_UAF_DAY91_01.xml,020_UAF_DAY91_01,14,1,text,game_t00032,game_s00009,マクマナス中尉,「…\w…\wなんだ？　帰投したらご褒美が欲しいのか？」,「……什么？返航后想要奖励吗？」,自动修正,
34,020_UAF_DAY91_01.egpack,020_UAF_DAY91_01.xml,020_UAF_DAY91_01,15,1,text,game_t00033,game_s00001,ウィル,「謹んで遠慮申し上げます、\wマム」,「谨此谢绝，夫人」,自动修正,
35,020_UAF_DAY91_01.egpack,020_UAF_DAY91_01.xml,020_UAF_DAY91_01,16,1,text,game_t00034,game_s00009,マクマナス中尉,「いい返事だウィル。よく分かったよ、\wおまえがまったく分かっちゃいないってことがね」,「好的回答，威尔。我完全明白了，你根本什么都不懂」,自动修正,
36,020_UAF_DAY91_01.egpack,020_UAF_DAY91_01.xml,020_UAF_DAY91_01,17,1,text,game_t00035,,,とはいえ、\w単調で気の滅入る任務の最中、\wこういう軽口は正直ありがたい。,话虽如此，在单调而令人沮丧的任务中，这种玩笑话确实让人感激。,OK,
37,020_UAF_DAY91_01.egpack,020_UAF_DAY91_01.xml,020_UAF_DAY91_01,18,1,text,game_t00036,game_s00001,ウィル,「――にしても、\wこっちも代わり映えしない光景ですね。…\w…\w分かっちゃいましたが、\wその…\w…\w」,「――话说回来，这边也是一成不变的景象啊。……虽然早就知道了，不过那个……」,自动修正,
38,020_UAF_DAY91_01.egpack,020_UAF_DAY91_01.xml,020_UAF_DAY91_01,19,1,text,game_t00037,,,何度見ても気の滅入る風景だ。,无论看多少次都让人心情沉重的风景。,OK,
39,020_UAF_DAY91_01.egpack,020_UAF_DAY91_01.xml,020_UAF_DAY91_01,20,1,text,game_t00038,,,延々と続く海岸線、\w見渡す限りの塩の砂漠。人類の存在を示す代物が欠片も無い世界が広がっている。,绵延不绝的海岸线，一望无际的盐沙漠。展现人类存在痕迹的事物一丝都没有的世界在延伸。,OK,
40,020_UAF_DAY91_01.egpack,020_UAF_DAY91_01.xml,020_UAF_DAY91_01,21,1,text,game_t00039,game_s00009,マクマナス中尉,「おやおや、\w泣き言には早すぎだねえ少尉」,「哎呀哎呀，发牢骚还太早了哦少尉」,自动修正,
41,020_UAF_DAY91_01.egpack,020_UAF_DAY91_01.xml,020_UAF_DAY91_01,22,1,text,game_t00040,game_s00001,ウィル,「泣き言ではありません。感想です」,「这不是抱怨，是感想。」,自动修正,
42,020_UAF_DAY91_01.egpack,020_UAF_DAY91_01.xml,020_UAF_DAY91_01,23,1,text,game_t00041,game_s00009,マクマナス中尉,「ほう、\wこのダリル姐さんに向かって言うじゃないか」,「嚯，敢对这位达里尔大姐说这种话啊」,自动修正,
43,020_UAF_DAY91_01.egpack,020_UAF_DAY91_01.xml,020_UAF_DAY91_01,24,1,text,game_t00042,game_s00001,ウィル,「上官への正しい助言は部下の責務であります、\wマム」,「对上级的正确建议是部下的职责，妈妈」,自动修正,
44,020_UAF_DAY91_01.egpack,020_UAF_DAY91_01.xml,020_UAF_DAY91_01,25,1,text,game_t00043,game_s00005,ダリル,「やれやれ。何を期待してたか知らないがアタシゃ何も変わらん方が安心するね。全ては予想の範疇内、\wなべて世は事もなし、\wってな」,「哎呀呀。不知道你在期待什么，但我还是觉得什么都不变比较安心。一切都在预料之中，世间无事，就是这样。」,自动修正,
45,020_UAF_DAY91_01.egpack,020_UAF_DAY91_01.xml,020_UAF_DAY91_01,26,1,text,game_t00044,game_s00001,ウィル,「…\w…\w…\w…\w」,「…………」,OK,
46,020_UAF_DAY91_01.egpack,020_UAF_DAY91_01.xml,020_UAF_DAY91_01,27,1,text,game_t00045,game_s00005,ダリル,「しかし、\wオマエの台詞も分からんでもない。最近はお船も網に掛からんが、\wこれっきりで打ち止めとは思いたくないからねえ」,「但是，我也不是不能理解你的话。最近船也不怎么上网了，但我不想就此打住啊」,自动修正,
47,020_UAF_DAY91_01.egpack,020_UAF_DAY91_01.xml,020_UAF_DAY91_01,28,1,text,game_t00046,game_s00001,ウィル,「諦めたくないんですよ、\w俺はまだ」,「我不想放弃，我还」,自动修正,
48,020_UAF_DAY91_01.egpack,020_UAF_DAY91_01.xml,020_UAF_DAY91_01,29,1,text,game_t00047,game_s00005,ダリル,「誰も諦めたかないさ。だからこそアタシらはここにいる。でも忘れるんじゃないよ、\w『無事に帰る』のも任務だよ」,「谁都不想放弃。正因为如此，我们才在这里。但是别忘了，‘平安归来’也是任务哦。」,自动修正,
49,020_UAF_DAY91_01.egpack,020_UAF_DAY91_01.xml,020_UAF_DAY91_01,30,1,text,game_t00048,game_s00001,ウィル,「アイマム。\wもちろんです」,「爱慕。当然」,自动修正,
50,020_UAF_DAY91_01.egpack,020_UAF_DAY91_01.xml,020_UAF_DAY91_01,31,1,text,game_t00049,,,無事に帰りたいが、\w何かがあって欲しい。,想平安回去，但又希望发生点什么。,OK,
51,020_UAF_DAY91_01.egpack,020_UAF_DAY91_01.xml,020_UAF_DAY91_01,32,1,text,game_t00050,,,もちろん別にトラブルが欲しいってわけじゃない。,当然，我并不是想要麻烦。,OK,
52,020_UAF_DAY91_01.egpack,020_UAF_DAY91_01.xml,020_UAF_DAY91_01,33,1,text,game_t00051,,,ただ、\wこの何も無い世界に、\w何かが、\w誰かが――,只是，在这个空无一物的世界里，有什么，有人——,OK,
53,020_UAF_DAY91_01.egpack,020_UAF_DAY91_01.xml,020_UAF_DAY91_01,34,1,text,game_t00052,game_s00001,ウィル,「ＧＰＳ照合完了。マップデータ更新…\w…\w\n精度問題なし。転送します」,「GPS照合完成。地图数据更新…… / 精度无问题。传送」,自动修正,
54,020_UAF_DAY91_01.egpack,020_UAF_DAY91_01.xml,020_UAF_DAY91_01,35,1,text,game_t00053,game_s00005,ダリル,「――更新確認。こちらも異常なしだ」,「——更新确认。这边也没有异常。」,自动修正,
55,020_UAF_DAY91_01.egpack,020_UAF_DAY91_01.xml,020_UAF_DAY91_01,36,1,text,game_t00054,game_s00005,ダリル,「地図作成装置ができて随分楽になったモンだ。メルヴィナ様々だ。…\w…\w写真並べてお絵描きするのはもうウンザリだからねえ」,「地图绘制装置做好后轻松多了。多亏了梅尔维娜。……我已经受够了对照照片画画了。」,自动修正,
56,020_UAF_DAY91_01.egpack,020_UAF_DAY91_01.xml,020_UAF_DAY91_01,37,1,text,game_t00055,,,帰投後にマークした座標と光学カメラの記録をつき合わせ、\w延々と海岸線情報を打ち込んでいく――,返航后，将标记的坐标与光学摄像机的记录进行对照，不断输入海岸线信息——,OK,
57,020_UAF_DAY91_01.egpack,020_UAF_DAY91_01.xml,020_UAF_DAY91_01,38,1,text,game_t00056,,,あれは苦痛以外の何物でもなかったな。,那除了痛苦什么都不是。,OK,
58,020_UAF_DAY91_01.egpack,020_UAF_DAY91_01.xml,020_UAF_DAY91_01,39,1,text,game_t00057,game_s00001,ウィル,「メルは凄い奴ですよ。あり合わせで色々組み上げるのがホント上手い」,「梅尔是个了不起的家伙。他真的很擅长用现有的东西拼凑出各种东西。」,自动修正,
59,020_UAF_DAY91_01.egpack,020_UAF_DAY91_01.xml,020_UAF_DAY91_01,40,1,text,game_t00058,game_s00001,ウィル,「数字に強いってのはインド系の血の為せる業ってやつですかね」,「数字能力强是印度血统的功劳吗」,自动修正,
60,020_UAF_DAY91_01.egpack,020_UAF_DAY91_01.xml,020_UAF_DAY91_01,41,1,text,game_t00059,game_s00005,ダリル,「そこは関係ないだろう…\w…\wと言うべきトコだが、\wあり得ん話でもないな。…\w…\w少なくとも、\wそう思わせるように振る舞ってる」,「那里没关系吧……虽然应该这么说，但也不是不可能的事。……至少，他表现得让人这么觉得。」,自动修正,
61,020_UAF_DAY91_01.egpack,020_UAF_DAY91_01.xml,020_UAF_DAY91_01,42,1,text,game_t00060,game_s00005,ダリル,「オージーとインドも複雑だしねえ…\w…\w。そう見られた方が彼女にとって得なんだろうよ」,「澳大利亚和印度也很复杂呢……被那样看待对她来说更有利吧」,自动修正,
62,020_UAF_DAY91_01.egpack,020_UAF_DAY91_01.xml,020_UAF_DAY91_01,43,1,text,game_t00061,game_s00001,ウィル,「…\w…\w…\w…\w」,「…………」,OK,
63,020_UAF_DAY91_01.egpack,020_UAF_DAY91_01.xml,020_UAF_DAY91_01,44,1,text,game_t00062,,,インドからの難民を大量に受け入れた\nオーストラリアだが、\wその扱いは\n俺たち米国と似たようなもんだ。,大量接收了来自印度的难民的澳大利亚，但其对待方式和我们美国差不多。,OK,
64,020_UAF_DAY91_01.egpack,020_UAF_DAY91_01.xml,020_UAF_DAY91_01,45,1,text,game_t00063,,,いや、\w優秀な難民は使いたいが人種差別も根強い、\wというネジれた事情は、\w米国より複雑かもしれない。,不，虽然想利用优秀难民，但种族歧视根深蒂固，这种扭曲的情况也许比美国更复杂。,OK,
65,020_UAF_DAY91_01.egpack,020_UAF_DAY91_01.xml,020_UAF_DAY91_01,46,1,text,game_t00064,game_s00005,ダリル,「人間、\w追い詰められると縄張り意識が強くなるっていうか…\w…\w。――んなモン気にしても、\wどうしようもないんだけどねえ、\wもう」,「人嘛，被逼到绝境时领地意识就会变强……――就算在意那种东西，也无能为力了啊。」,自动修正,
66,020_UAF_DAY91_01.egpack,020_UAF_DAY91_01.xml,020_UAF_DAY91_01,47,1,text,game_t00065,game_s00001,ウィル,「…\w…\wそうですね。皮肉な話です」,「……是啊。真是讽刺啊。」,自动修正,
67,020_UAF_DAY91_01.egpack,020_UAF_DAY91_01.xml,020_UAF_DAY91_01,48,1,text,game_t00066,game_s00005,ダリル,「よし、\wそろそろ設置ポイントだ。この地形なら少し内陸に寄せるべきか――ナイヴス２、\w続け」,「好，差不多到设置点了。这个地形的话应该稍微往内陆靠一点——黑刃2，跟上」,自动修正,
68,020_UAF_DAY91_01.egpack,020_UAF_DAY91_01.xml,020_UAF_DAY91_01,49,1,text,game_t00067,game_s00001,ウィル,「ナイヴス２了解」,「黑刃2了解」,自动修正,
69,020_UAF_DAY91_01.egpack,020_UAF_DAY91_01.xml,020_UAF_DAY91_01,50,1,text,game_t00068,game_s00005,ダリル,「ＯＫ、\wこの辺りにするぞ」,「OK，就到这里吧」,自动修正,
70,020_UAF_DAY91_01.egpack,020_UAF_DAY91_01.xml,020_UAF_DAY91_01,51,1,text,game_t00069,,,岩盤も安定してるみたいだし、\w地形的にも申し分ないな。,岩盘似乎也很稳定，地形上也无可挑剔。,OK,
71,020_UAF_DAY91_01.egpack,020_UAF_DAY91_01.xml,020_UAF_DAY91_01,52,1,text,game_t00070,game_s00005,ダリル,「中継機下ろせ――慎重にやんな。メルの薄い胸を撫でるようにジェントルにだ。痛くするなよ」,「放下中继机——小心点。要像抚摸梅尔平坦的胸部一样温柔。别弄疼了」,自动修正,
72,020_UAF_DAY91_01.egpack,020_UAF_DAY91_01.xml,020_UAF_DAY91_01,53,1,text,game_t00071,game_s00001,ウィル,「…\w…\wッ！」,「……！」,自动修正,
73,020_UAF_DAY91_01.egpack,020_UAF_DAY91_01.xml,020_UAF_DAY91_01,54,1,text,game_t00072,game_s00001,ウィル,「――手元狂わす気満々じゃないですか！　\n大体作戦中ですよ中尉、\w\nレコーダー回ってるんですから…\w…\w！」,「——您这是存心要让我手忙脚乱吧！　/ 大体作战中呢，中尉，/ 录音机还开着呢……！」,自动修正,
74,020_UAF_DAY91_01.egpack,020_UAF_DAY91_01.xml,020_UAF_DAY91_01,55,1,text,game_t00073,game_s00005,ダリル,「なんだ、\wまだヤってなかったのか？　童貞かおまえ？」,「什么，还没干吗？你是处男吗？」,自动修正,
75,020_UAF_DAY91_01.egpack,020_UAF_DAY91_01.xml,020_UAF_DAY91_01,56,1,text,game_t00074,game_s00001,ウィル,「そんな関係じゃないです。疑われたら彼女に迷惑ですよ！」,「不是那种关系。被怀疑的话会给女性添麻烦的！」,自动修正,
76,020_UAF_DAY91_01.egpack,020_UAF_DAY91_01.xml,020_UAF_DAY91_01,57,1,text,game_t00075,game_s00005,ダリル,「ハハッ、\w別にメルが聞いているわけじゃあるまいし、\w米国海兵隊員がこれぐらいで動じるな」,「哈哈，反正梅尔又没在听，美国海军陆战队员哪会这么容易动摇啊」,自动修正,
77,020_UAF_DAY91_01.egpack,020_UAF_DAY91_01.xml,020_UAF_DAY91_01,58,1,text,game_t00076,,,相変わらずこの人は…\w…\w大体メルに聞かれたら殺されるっての。,这个人还是一如既往……要是被梅尔问起来的话会被杀掉的。,OK,
78,020_UAF_DAY91_01.egpack,020_UAF_DAY91_01.xml,020_UAF_DAY91_01,59,1,text,game_t00077,game_s00005,ダリル,「ほれどうした、\w復唱しろウィル少尉」,「喂怎么了，复述一遍威尔少尉」,自动修正,
79,020_UAF_DAY91_01.egpack,020_UAF_DAY91_01.xml,020_UAF_DAY91_01,60,1,text,game_t00078,game_s00001,ウィル,「――アイマム、\w動じずジェントルに設置します」,「——爱慕，不动声色地绅士地设置。」,自动修正,
80,020_UAF_DAY91_01.egpack,020_UAF_DAY91_01.xml,020_UAF_DAY91_01,61,1,text,game_t00079,,,ローゼンバーグ中尉は延々このノリに耐えてたんだろうか…\w…\w。,罗森伯格中尉一直忍受着这种气氛吗……,OK,
81,020_UAF_DAY91_01.egpack,020_UAF_DAY91_01.xml,020_UAF_DAY91_01,62,1,text,game_t00080,game_s00001,ウィル,「スパイク打ち込み確認、\w固定完了です。アンテナ伸張、\wシステムチェック開始」,「锚钉打入确认，固定完成。天线伸展，系统检查开始」,自动修正,
82,020_UAF_DAY91_01.egpack,020_UAF_DAY91_01.xml,020_UAF_DAY91_01,63,1,text,game_t00081,game_s00005,ダリル,「了解、\wこっちでも起動を確認した。…\w…\w何かしら拾ってくれりゃいいけどねえ」,「了解，这边也确认启动了。……要是能捡到点什么就好了。」,自动修正,
83,020_UAF_DAY91_01.egpack,020_UAF_DAY91_01.xml,020_UAF_DAY91_01,64,1,text,game_t00082,game_s00001,ウィル,「――世の中なべて事もなし、\wじゃなかったんですか？」,「——世间一切平安无事，不是这样吗？」,自动修正,
84,020_UAF_DAY91_01.egpack,020_UAF_DAY91_01.xml,020_UAF_DAY91_01,65,1,text,game_t00083,game_s00005,ダリル,「そりゃ設置するまでの話だ。わざわざ推進剤噴かして据え付けたんだ。当たりを引きゃあ海軍の連中にも顔が立つ。違うかい？」,「那只是设置之前的事。特意喷射推进剂安装好的。运气好的话，在海军那些人面前也有面子。不是吗？」,自动修正,
85,020_UAF_DAY91_01.egpack,020_UAF_DAY91_01.xml,020_UAF_DAY91_01,66,1,text,game_t00084,game_s00001,ウィル,「俺はもちろんそう思ってますよ」,「我当然也这么认为」,自动修正,
86,020_UAF_DAY91_01.egpack,020_UAF_DAY91_01.xml,020_UAF_DAY91_01,67,1,text,game_t00085,,,この単調な任務が報われる唯一の瞬間――俺たちはそれだけを待ち望み、\wこうして中継機を運んでる。,这个单调的任务得到回报的唯一瞬间——我们只期盼着那个，就这样运送着中继机。,OK,
87,020_UAF_DAY91_01.egpack,020_UAF_DAY91_01.xml,020_UAF_DAY91_01,68,1,text,game_t00086,,,海兵隊員、\w第３１８戦術機隊は諦めない、\wだ。,海军陆战队员，第318战术机队绝不放弃。,OK,
88,020_UAF_DAY91_01.egpack,020_UAF_DAY91_01.xml,020_UAF_DAY91_01,69,1,text,game_t00087,game_s00005,ダリル,「まったく…\w…\w、\w合衆国の正規母艦様がこんなモノに頼らなきゃいけないとはねえ」,「真是的……，合众国的正规母舰大人居然不得不依赖这种东西啊」,自动修正,
89,020_UAF_DAY91_01.egpack,020_UAF_DAY91_01.xml,020_UAF_DAY91_01,70,1,text,game_t00088,game_s00001,ウィル,「低軌道衛星がなきゃどうしようもないですよ。ＧＰＳが生きてるだけマシです」,「没有低轨道卫星的话就毫无办法了。GPS还能用就算不错了」,自动修正,
90,020_UAF_DAY91_01.egpack,020_UAF_DAY91_01.xml,020_UAF_DAY91_01,71,1,text,game_t00089,,,測量に捜索、\wやってることはまるで昔の探検隊だもんな。正規母艦打撃群、\wなんて大層な名前が泣けてくる。,测量和搜索，干的事简直就像以前的探险队。正规母舰打击群，这么夸张的名字都要哭了。,OK,
91,020_UAF_DAY91_01.egpack,020_UAF_DAY91_01.xml,020_UAF_DAY91_01,72,1,text,game_t00090,game_s00005,ダリル,「母艦の静止衛星リンク、\wメルは何か言ってないのかい？」,「母舰的静止卫星链路，梅尔没说什么吗？」,自动修正,
92,020_UAF_DAY91_01.egpack,020_UAF_DAY91_01.xml,020_UAF_DAY91_01,73,1,text,game_t00091,game_s00001,ウィル,「さすがにメルも母艦自体の装備になると関与できないみたいですが…\w…\w」,「果然梅尔也无法参与母舰本身的装备呢……」,自动修正,
93,020_UAF_DAY91_01.egpack,020_UAF_DAY91_01.xml,020_UAF_DAY91_01,74,1,text,game_t00092,,,母艦の装備は機密の塊だからな。,母舰的装备是机密的核心。,OK,
94,020_UAF_DAY91_01.egpack,020_UAF_DAY91_01.xml,020_UAF_DAY91_01,75,1,text,game_t00093,,,建前上、\wさすがに国連軍――というか\nオーストラリア軍の人間に触らせる\nわけにはいかない。,建前上，毕竟不能让联合国军——或者说澳大利亚军的人碰。,OK,
95,020_UAF_DAY91_01.egpack,020_UAF_DAY91_01.xml,020_UAF_DAY91_01,76,1,text,game_t00094,,,…\w…\wったく、\wそんな固いこと言ってる場合じゃないだろうに。,……真是的，现在可不是说这种死板话的时候吧。,OK,
96,020_UAF_DAY91_01.egpack,020_UAF_DAY91_01.xml,020_UAF_DAY91_01,77,1,text,game_t00095,game_s00001,ウィル,「噂を聞く限りだと、\wあれは技術士官総出で取り組んでも無理だそうですよ」,「据传闻，那即使是全体技术军官出动也无法完成。」,自动修正,
97,020_UAF_DAY91_01.egpack,020_UAF_DAY91_01.xml,020_UAF_DAY91_01,78,1,text,game_t00096,game_s00005,ダリル,「技術の方は特に人手が足りないしね。ああも派手にヘシ折れてりゃ当然か…\w…\w。艦橋構造物が陸の孤島ってのは胸糞悪い冗談だな、\wウィル」,「技术方面尤其人手不足呢。啊，那样夸张地折断也是当然的吧……舰桥结构物变成陆地上的孤岛，真是个令人作呕的玩笑啊，威尔」,自动修正,
98,020_UAF_DAY91_01.egpack,020_UAF_DAY91_01.xml,020_UAF_DAY91_01,79,1,text,game_t00097,game_s00001,ウィル,「ええ…\w…\w寝て覚めて冗談だったら、\wと思わない日はないですよ」,「嗯……没有一天不觉得要是睡醒发现是玩笑就好了」,自动修正,
99,020_UAF_DAY91_01.egpack,020_UAF_DAY91_01.xml,020_UAF_DAY91_01,80,1,text,game_t00098,,,おかげでデータリンクもまともに機能しない――。,多亏了数据链也无法正常运作——,OK,
100,020_UAF_DAY91_01.egpack,020_UAF_DAY91_01.xml,020_UAF_DAY91_01,81,1,text,game_t00099,,,本当に笑えない冗談の結果、\w俺たちはここで延々仕事をしてる。,真是个不好笑的笑话的结果，我们在这里没完没了地工作。,OK,
101,020_UAF_DAY91_01.egpack,020_UAF_DAY91_01.xml,020_UAF_DAY91_01,82,1,text,game_t00100,,,お、\w来たか。何かあってくれよ…\w…\w！,哦，来了啊。可别出什么事……！,OK,
102,020_UAF_DAY91_01.egpack,020_UAF_DAY91_01.xml,020_UAF_DAY91_01,83,1,text,game_t00101,game_s00001,ウィル,「起動完了しました。広帯域モードで中継開始しま――」,「启动完毕。开始以宽带模式中继——」,自动修正,
103,020_UAF_DAY91_01.egpack,020_UAF_DAY91_01.xml,020_UAF_DAY91_01,84,1,text,game_t00102,game_s00001,ウィル,「――！」,「――！」,OK,
104,020_UAF_DAY91_01.egpack,020_UAF_DAY91_01.xml,020_UAF_DAY91_01,84,2,text1,game_t00103,game_s00001,ウィル,「――！」,「――！」,OK,
105,020_UAF_DAY91_01.egpack,020_UAF_DAY91_01.xml,020_UAF_DAY91_01,85,1,text,game_t00104,game_s00001,ウィル,「――隊長、\wこれってまさか」,「——队长，这该不会是」,自动修正,
106,020_UAF_DAY91_01.egpack,020_UAF_DAY91_01.xml,020_UAF_DAY91_01,86,1,text,game_t00105,game_s00005,ダリル,「――救難信号だウィル！　本当に一発で拾ったぞ！」,「——是求救信号，威尔！真的一下子就收到了！」,自动修正,
107,020_UAF_DAY91_01.egpack,020_UAF_DAY91_01.xml,020_UAF_DAY91_01,87,1,text,game_t00106,game_s00005,ダリル,「よぉし上出来だ、\w座標が入ってる！」,「好，干得不错，坐标已经输入了！」,自动修正,
108,020_UAF_DAY91_01.egpack,020_UAF_DAY91_01.xml,020_UAF_DAY91_01,88,1,text,game_t00107,,,来てるのは救難要請シグナルとＧＰＳ座標だけ―\w―,来的是求救信号和GPS坐标——,OK,
109,020_UAF_DAY91_01.egpack,020_UAF_DAY91_01.xml,020_UAF_DAY91_01,89,1,text,game_t00108,game_s00001,ウィル,「こちらからのコールは受信しないようです。自動ビーコンです」,「似乎不接收来自这边的呼叫。是自动信标」,自动修正,
110,020_UAF_DAY91_01.egpack,020_UAF_DAY91_01.xml,020_UAF_DAY91_01,90,1,text,game_t00109,,,と来れば、もちろん―\w―,说到这个，当然——,OK,
111,020_UAF_DAY91_01.egpack,020_UAF_DAY91_01.xml,020_UAF_DAY91_01,91,1,text,game_t00110,game_s00005,ダリル,「――オーケー、\w十分航続圏内だな…\w…\w行ってみりゃわかる！」,「——OK，在续航范围内……去了就知道了！」,自动修正,
112,020_UAF_DAY91_01.egpack,020_UAF_DAY91_01.xml,020_UAF_DAY91_01,92,1,text,game_t00111,,,…\w…\wよし！,……好！,OK,
113,020_UAF_DAY91_01.egpack,020_UAF_DAY91_01.xml,020_UAF_DAY91_01,93,1,text,game_t00112,game_s00005,ダリル,「ナイヴス１よりソルティ・ベース、\w聞こえるかい？」,「黑刃1呼叫索尔蒂基地，能听到吗？」,自动修正,
114,020_UAF_DAY91_01.egpack,020_UAF_DAY91_01.xml,020_UAF_DAY91_01,94,1,text,game_t00113,game_s00018,ＪＦＫオペレーター,「――ソルティ・ベースよりナイヴス１、\w感度良好」,「――索尔蒂基地，黑刃1，灵敏度良好」,自动修正,
115,020_UAF_DAY91_01.egpack,020_UAF_DAY91_01.xml,020_UAF_DAY91_01,95,1,text,game_t00114,game_s00005,ダリル,「中継機Ｅ７の設置を完了、\w直後に救難信号を受信した！　繰り返す、\w救難信号だ」,「中继机E7的安装完成，紧接着收到了求救信号！重复，是求救信号」,自动修正,
116,020_UAF_DAY91_01.egpack,020_UAF_DAY91_01.xml,020_UAF_DAY91_01,96,1,text,game_t00115,game_s00005,ダリル,「進出可能半径内につき、\wナイヴス両機による直接確認の許可を願う！」,「在可进入半径内，请求允许黑刃两机直接确认！」,自动修正,
117,020_UAF_DAY91_01.egpack,020_UAF_DAY91_01.xml,020_UAF_DAY91_01,97,1,text,game_t00116,game_s00018,ＪＦＫオペレーター,「――了解、\wこちらでもＥ７経由で信号を受信、\w座標も確認した。許可あるまで待機せよ」,「——了解，我方也通过E7接收到信号，坐标也已确认。在获得许可前待命。」,自动修正,
118,020_UAF_DAY91_01.egpack,020_UAF_DAY91_01.xml,020_UAF_DAY91_01,98,1,text,game_t00117,game_s00005,ダリル,「ナイヴス１了解。急いで頼むよ！　ウィル、\w発進準備だ」,「黑刃1了解。快点拜托了！威尔，准备出发」,自动修正,
119,020_UAF_DAY91_01.egpack,020_UAF_DAY91_01.xml,020_UAF_DAY91_01,99,1,text,game_t00118,game_s00001,ウィル,「――了解！」,「——了解！」,自动修正,
120,020_UAF_DAY91_01.egpack,020_UAF_DAY91_01.xml,020_UAF_DAY91_01,100,1,text,game_t00119,,,許可なんて出るに決まってる…\w…\w早く…\w…\w！,许可肯定会出的……快点……！,OK,
121,020_UAF_DAY91_01.egpack,020_UAF_DAY91_01.xml,020_UAF_DAY91_01,101,1,text,game_t00120,game_s00018,ＪＦＫオペレーター,「――ソルティ・ベースよりナイヴス１、\wナイヴス両機による直接確認を許可する。生きていれば一ヶ月ぶりの朗報だ、\w頼むぞ！」,「――索尔蒂基地允许黑刃1、黑刃两机直接确认。如果还活着，这是一个月来的好消息，拜托了！」,自动修正,
122,020_UAF_DAY91_01.egpack,020_UAF_DAY91_01.xml,020_UAF_DAY91_01,102,1,text,game_t00121,,,来た――ッ！,来了——！,OK,
123,020_UAF_DAY91_01.egpack,020_UAF_DAY91_01.xml,020_UAF_DAY91_01,103,1,text,game_t00122,game_s00005,ダリル,「ナイヴス１了解！　頼まれたよ！」,「黑刃1了解！交给我吧！」,自动修正,
124,020_UAF_DAY91_01.egpack,020_UAF_DAY91_01.xml,020_UAF_DAY91_01,104,1,text,game_t00123,game_s00001,ウィル,「ナイヴス２、\wいつでも行けます！」,「黑刃2，随时可以出发！」,自动修正,
125,020_UAF_DAY91_01.egpack,020_UAF_DAY91_01.xml,020_UAF_DAY91_01,105,1,text,game_t00124,game_s00005,ダリル,「ＯＫ、\w焦ってアンテナ蹴倒すんじゃないよ！」,「OK，别着急把天线踢倒！」,自动修正,
126,020_UAF_DAY91_01.egpack,020_UAF_DAY91_01.xml,020_UAF_DAY91_01,106,1,text,game_t00125,,,頼む、\w生きててくれよ…\w…\w！,拜托了，请活下去……！,OK,
127,020_UAF_DAY91_01.egpack,020_UAF_DAY91_01.xml,020_UAF_DAY91_01,107,1,text,game_t00126,game_s00005,ダリル,「ナイヴス１よりナイヴス２。――ウィル、\w念のために言っておく。過剰な期待をするんじゃないよ」,「黑刃1呼叫黑刃2。――威尔，为以防万一我先说一句。不要抱有过高的期待。」,自动修正,
128,020_UAF_DAY91_01.egpack,020_UAF_DAY91_01.xml,020_UAF_DAY91_01,108,1,text,game_t00127,,,…\w…\w…\w…\w！,…………！,OK,
129,020_UAF_DAY91_01.egpack,020_UAF_DAY91_01.xml,020_UAF_DAY91_01,109,1,text,game_t00128,game_s00001,ウィル,「…\w…\wナイヴス２了解」,「……黑刃2了解」,自动修正,
130,020_UAF_DAY91_01.egpack,020_UAF_DAY91_01.xml,020_UAF_DAY91_01,110,1,text,game_t00129,,,…\w…\wそうなんだよな。簡易ビーコンってことは、\w自動発信装置だけが生きてる可能性も低くない。,……是啊。既然是简易信标，那也有可能只有自动发信装置还活着。,OK,
131,020_UAF_DAY91_01.egpack,020_UAF_DAY91_01.xml,020_UAF_DAY91_01,111,1,text,game_t00130,,,遺体が回収できるだけでも御の字と言えば御の字だが、\w最悪それすらなく、\w空の船が漂着してることもある…\w…\w。,遗体能够回收就已经算是万幸了，但最坏的情况下连这都没有，空船漂来的情况也有……,OK,
132,020_UAF_DAY91_01.egpack,020_UAF_DAY91_01.xml,020_UAF_DAY91_01,112,1,text,game_t00131,,,いや…\w…\w最悪の予想をするのはやめよう。,不……还是不要做最坏的打算了。,OK,
133,020_UAF_DAY91_01.egpack,020_UAF_DAY91_01.xml,020_UAF_DAY91_01,113,1,text,game_t00132,,,これは過剰な期待じゃない、\w『希望』だ――！,这不是过分的期待，是‘希望’——！,OK,
134,020_UAF_DAY91_01.egpack,020_UAF_DAY91_01.xml,020_UAF_DAY91_01,114,1,text,game_t00133,game_s00005,ダリル,「そろそろ直接交信圏内のはずだ、\w一旦高度上げるよ――呼び出しを続けな」,「差不多该到直接通信圈内了，我先升高高度——继续呼叫。」,自动修正,
135,020_UAF_DAY91_01.egpack,020_UAF_DAY91_01.xml,020_UAF_DAY91_01,115,1,text,game_t00134,game_s00001,ウィル,「了解」,「了解。」,自动修正,
136,020_UAF_DAY91_01.egpack,020_UAF_DAY91_01.xml,020_UAF_DAY91_01,116,1,text,game_t00135,,,この高度、\w未だに尻がむずむずする。,这个高度，屁股还在发痒。,OK,
137,020_UAF_DAY91_01.egpack,020_UAF_DAY91_01.xml,020_UAF_DAY91_01,117,1,text,game_t00136,,,光線級に脅えてた頃なら、\w演習以外でこんな高度を取るのは自殺行為だった…\w…,害怕光线级的时候，在演习以外飞到这种高度简直是自杀行为……,OK,
138,020_UAF_DAY91_01.egpack,020_UAF_DAY91_01.xml,020_UAF_DAY91_01,118,1,text,game_t00137,,,…\w…\wそれが今や完全に実用域。,……那现在已完全进入实用领域。,OK,
139,020_UAF_DAY91_01.egpack,020_UAF_DAY91_01.xml,020_UAF_DAY91_01,119,1,text,game_t00138,,,『高度を稼いで水平線を遠くする』――あの日以来、\wそれが唯一残された通信距離の拡大方法だからな。,『提高高度，让地平线变远』——自那天以来，这是唯一剩下的扩大通信距离的方法。,OK,
140,020_UAF_DAY91_01.egpack,020_UAF_DAY91_01.xml,020_UAF_DAY91_01,120,1,text,game_t00139,game_s00005,ダリル,「相手が出たら得意の漫談を披露しとけ」,「对方出场时，就展示你拿手的漫谈吧。」,自动修正,
141,020_UAF_DAY91_01.egpack,020_UAF_DAY91_01.xml,020_UAF_DAY91_01,121,1,text,game_t00140,game_s00001,ウィル,「――了解。…\w…\wって隊長、\w漫談は小官の得意とするところではありませんが…\w…\w。大体こんな時に――」,「――了解。……不过队长，漫谈并非下官的专长……再说这种时候――」,自动修正,
142,020_UAF_DAY91_01.egpack,020_UAF_DAY91_01.xml,020_UAF_DAY91_01,122,1,text,game_t00141,game_s00005,ダリル,「――おまえの得手不得手なんざ聞いてないんだよ。大真面目な話だ。見な」,「——我没在问你擅长不擅长。这是非常认真的话。你看。」,自动修正,
143,020_UAF_DAY91_01.egpack,020_UAF_DAY91_01.xml,020_UAF_DAY91_01,123,1,text,game_t00142,game_s00005,ダリル,「信号強度から見てもでかい船じゃない。救命ボートか何かだ」,「从信号强度来看也不是大船。是救生艇之类的吧。」,自动修正,
144,020_UAF_DAY91_01.egpack,020_UAF_DAY91_01.xml,020_UAF_DAY91_01,124,1,text,game_t00143,game_s00001,ウィル,「あ…\w…\wそういう事、\wですか。了解」,「啊……是这样啊。了解」,自动修正,
145,020_UAF_DAY91_01.egpack,020_UAF_DAY91_01.xml,020_UAF_DAY91_01,125,1,text,game_t00144,game_s00005,ダリル,「分かったか、\w言ってみな」,「明白了吗，说说看」,自动修正,
146,020_UAF_DAY91_01.egpack,020_UAF_DAY91_01.xml,020_UAF_DAY91_01,126,1,text,game_t00145,game_s00001,ウィル,「――は。相手はごく少数、\wあるいは単独。何日、\wいや何週間孤立してたかも不明。音声が途切れればそれだけで不安を与える、\wと思われます」,「――哈。对方极少数，或者单独一人。不清楚孤立了多少天，不，多少周。如果声音中断，仅此就会带来不安，被认为如此」,自动修正,
147,020_UAF_DAY91_01.egpack,020_UAF_DAY91_01.xml,020_UAF_DAY91_01,127,1,text,game_t00146,,,俺自身は遭難したことなんて無いが、\w海上で孤立する不安ってのは相当なものだろう。,我自身没有遭遇过海难，但在海上孤立无援的不安感想必相当强烈吧。,OK,
148,020_UAF_DAY91_01.egpack,020_UAF_DAY91_01.xml,020_UAF_DAY91_01,128,1,text,game_t00147,,,途切れずに話しかけ続けるってのは、\w確かにこういう場合の基本ではある。,不间断地持续搭话，确实是这种情况下的基本做法。,OK,
149,020_UAF_DAY91_01.egpack,020_UAF_DAY91_01.xml,020_UAF_DAY91_01,129,1,text,game_t00148,game_s00005,ダリル,「そういう事だ。一発で正解なら\nリコリスキャンディをくれてやったのにな」,「就是这样。如果一次就答对的话，我就给你甘草糖了」,自动修正,
150,020_UAF_DAY91_01.egpack,020_UAF_DAY91_01.xml,020_UAF_DAY91_01,130,1,text,game_t00149,,,…\w…\wでも、\w隊長の言い方はホント分かりづらいんだよ。俺にセンスが無いだけといえばそれまでだが。,……但是，队长的说法真的很难懂。虽然也可以说只是我没有品味而已。,OK,
151,020_UAF_DAY91_01.egpack,020_UAF_DAY91_01.xml,020_UAF_DAY91_01,131,1,text,game_t00150,game_s00001,ウィル,「面目ありません――音声通信を開始します」,「抱歉——开始声音通信」,自动修正,
152,020_UAF_DAY91_01.egpack,020_UAF_DAY91_01.xml,020_UAF_DAY91_01,132,1,text,game_t00151,,,頼むぜ、\w誰か…\w…\w！,拜托了，谁……！,OK,
153,020_UAF_DAY91_01.egpack,020_UAF_DAY91_01.xml,020_UAF_DAY91_01,133,1,text,game_t00152,game_s00001,ウィル,「こちら米国海兵隊第３１８戦術歩行戦闘機隊\n『ブラック・ナイヴス』、\w救難信号を受信しました。\n聞こえていたら応答願います」,「这里是美国海军陆战队第318战术步行战斗机队 / ‘黑刃’，已收到求救信号。 / 如果听到请回复」,自动修正,
154,020_UAF_DAY91_01.egpack,020_UAF_DAY91_01.xml,020_UAF_DAY91_01,134,1,text,game_t00153,game_s00001,ウィル,「こちら米国海兵隊第３１８戦術歩行戦闘機隊\n『ブラック・ナイヴス』、\w救難信号を受信しました。\n聞こえていたら応答願います」,「这里是美国海军陆战队第318战术步行战斗机队 / ‘黑刃’，已收到求救信号。 / 如果听到请回复」,自动修正,
155,020_UAF_DAY91_01.egpack,020_UAF_DAY91_01.xml,020_UAF_DAY91_01,135,1,text,game_t00154,,,返信なし――,没有回信——,OK,
156,020_UAF_DAY91_01.egpack,020_UAF_DAY91_01.xml,020_UAF_DAY91_01,136,1,text,game_t00155,,,とっくに通信圏内のはずだが、\w返事がないのは意識がないか、\wあるいは――,早该在通信范围内了，没有回应要么是失去意识，要么——,OK,
157,020_UAF_DAY91_01.egpack,020_UAF_DAY91_01.xml,020_UAF_DAY91_01,137,1,text,game_t00156,game_s00001,ウィル,「繰り返します、\wこちら米国海兵隊第３１８戦術歩行戦闘機隊『ブラック・ナイヴス』、\w救難信号を受信しました。聞こえていたら応答願います」,「重复，这里是美国海军陆战队第318战术步行战斗机队‘黑刃’，已收到求救信号。如果听到请回复。」,自动修正,
158,020_UAF_DAY91_01.egpack,020_UAF_DAY91_01.xml,020_UAF_DAY91_01,138,1,text,game_t00157,,,無人だとは思いたくない。頼む、\w応えてくれ――！,我不认为没有人。拜托，回答我——！,OK,
159,020_UAF_DAY91_01.egpack,020_UAF_DAY91_01.xml,020_UAF_DAY91_01,139,1,text,game_t00158,game_s00014,少尉,「…\w…\wえますか、\wこ…\w…\w第２６海…\w…\w…\w…\w」,「……能吗，这……第26海…………」,自动修正,
160,020_UAF_DAY91_01.egpack,020_UAF_DAY91_01.xml,020_UAF_DAY91_01,140,1,text,game_t00159,,,…\w…\w…\w…\w！,…………！,OK,
161,020_UAF_DAY91_01.egpack,020_UAF_DAY91_01.xml,020_UAF_DAY91_01,141,1,text,game_t00160,game_s00001,ウィル,「ナイヴス２よりナイヴス１、\w音声に反応あり！　続けます！！」,「黑刃2呼叫黑刃1，检测到声音反应！继续！！」,自动修正,
162,020_UAF_DAY91_01.egpack,020_UAF_DAY91_01.xml,020_UAF_DAY91_01,142,1,text,game_t00161,game_s00001,ウィル,「こちら米国海兵隊第３１８戦術歩行戦闘機隊所属機、\w聞こえています。繰り返しお願いします」,「这里是美国海军陆战队第318战术步行战斗机队所属机，听到了。请重复一遍。」,自动修正,
163,020_UAF_DAY91_01.egpack,020_UAF_DAY91_01.xml,020_UAF_DAY91_01,143,1,text,game_t00162,game_s00014,少尉,「…\w…\w在、\w救命艇…\w…\w打ち揚げ…\w…\w…\w…\wらの座標は…\w…\w」,「……在、救生艇……发射…………的坐标是……」,自动修正,
164,020_UAF_DAY91_01.egpack,020_UAF_DAY91_01.xml,020_UAF_DAY91_01,144,1,text,game_t00163,,,…\w…\w生きてる。それに所属や座標を口にできるぐらいには体力がある。,……还活着。而且还有体力说出所属和坐标。,OK,
165,020_UAF_DAY91_01.egpack,020_UAF_DAY91_01.xml,020_UAF_DAY91_01,145,1,text,game_t00164,,,これなら…\w…\w！,这样的话……！,OK,
166,020_UAF_DAY91_01.egpack,020_UAF_DAY91_01.xml,020_UAF_DAY91_01,146,1,text,game_t00165,game_s00001,ウィル,「音声が不明瞭ですが、\wそちらの座標は確認しています。現在接近中、\w引き続きこのチャネルで続けてください」,「声音不清晰，但已确认你的坐标。正在接近中，请继续使用此频道。」,自动修正,
167,020_UAF_DAY91_01.egpack,020_UAF_DAY91_01.xml,020_UAF_DAY91_01,147,1,text,game_t00166,game_s00014,少尉,「…\w…\w了解…\w…\w…\w…\wらはリリア・シェル…\w…\w少尉…\w…\w…\w…\w願います…\w…\w」,「……了解…………我是莉莉娅·谢尔……少尉…………拜托了……」,自动修正,
168,020_UAF_DAY91_01.egpack,020_UAF_DAY91_01.xml,020_UAF_DAY91_01,148,1,text,game_t00167,game_s00005,ダリル,「無線がだいぶへばってるねえ。こりゃあ相当運の良いお嬢ちゃんだ、\w今日を逃してたら発見できなかったかもしれないよ」,「无线电台快不行了啊。这姑娘运气真不错，要是错过了今天，也许就发现不了你了。」,自动修正,
169,020_UAF_DAY91_01.egpack,020_UAF_DAY91_01.xml,020_UAF_DAY91_01,149,1,text,game_t00168,game_s00001,ウィル,「こっちもあっちもラッキーですよ。生きてさえいれば、\w助けられる――！」,「这边和那边都很幸运。只要活着，就能得救——！」,自动修正,
170,020_UAF_DAY91_01.egpack,020_UAF_DAY91_01.xml,020_UAF_DAY91_01,150,1,text,game_t00169,,,最近の徒労感が一気に報われていくのが分かるよ。,最近的徒劳感一下子得到了回报，我能感觉到。,OK,
171,020_UAF_DAY91_01.egpack,020_UAF_DAY91_01.xml,020_UAF_DAY91_01,151,1,text,game_t00170,,,…\w…\w後はここで焦らず、\w確実に救出を成功させるだけだ！,……之后只要在这里不焦躁，确实地成功救出就行了！,OK,
172,020_UAF_DAY91_01.egpack,020_UAF_DAY91_01.xml,020_UAF_DAY91_01,152,1,text,game_t00171,game_s00001,ウィル,「当機は現在もそちらに接近中、\w少尉、\wその場所に留まっていてください」,「该机现在仍在接近中，少尉，请留在原地」,自动修正,
173,020_UAF_DAY91_01.egpack,020_UAF_DAY91_01.xml,020_UAF_DAY91_01,153,1,text,game_t00172,game_s00014,少尉,「…\w…\w解…\w…\w…\w…\w第２６海…\w…\w」,「……解…………第26海……」,自动修正,
174,020_UAF_DAY91_01.egpack,020_UAF_DAY91_01.xml,020_UAF_DAY91_01,154,1,text,game_t00173,,,しかし…\w…\wさっきから聞こえるこれは…\w…\w名前？,但是……从刚才开始听到的这个……是名字？,OK,
175,020_UAF_DAY91_01.egpack,020_UAF_DAY91_01.xml,020_UAF_DAY91_01,155,1,text,game_t00174,game_s00001,ウィル,「隊長、\w対象は繰り返し名乗りを入れて来ています。こっちの声も聞こえてるはずなんですが…\w…\w」,「队长，目标在不断报上名号。应该也能听到我们的声音……」,自动修正,
176,020_UAF_DAY91_01.egpack,020_UAF_DAY91_01.xml,020_UAF_DAY91_01,156,1,text,game_t00175,game_s00005,ダリル,「当然。向こうにすりゃ、\w最後の瞬間まで本当に会合できるか分かったもんじゃないんだよ」,「当然。对他们来说，直到最后一刻都不知道是否真的能会合。」,自动修正,
177,020_UAF_DAY91_01.egpack,020_UAF_DAY91_01.xml,020_UAF_DAY91_01,157,1,text,game_t00176,,,そういうことか…\w…\w。,原来是这样……,OK,
178,020_UAF_DAY91_01.egpack,020_UAF_DAY91_01.xml,020_UAF_DAY91_01,158,1,text,game_t00177,,,遠くに船が通ったけど気づいてもらえず、\wなんて状況もあったかもしれない……。,远处有船经过但没被发现，也许也有过这样的情况……,OK,
179,020_UAF_DAY91_01.egpack,020_UAF_DAY91_01.xml,020_UAF_DAY91_01,159,1,text,game_t00178,game_s00005,ダリル,「万が一を考えりゃ、\wせめて名前だけでもってことさ。ウィル坊、\wもう少し女心を勉強しな」,「万一考虑的话，至少名字也要这样啊。威尔小子，再多学点女性心理吧」,自动修正,
180,020_UAF_DAY91_01.egpack,020_UAF_DAY91_01.xml,020_UAF_DAY91_01,160,1,text,game_t00179,game_s00001,ウィル,「こういうのに女も男もないでしょう！」,「这种事情没有男女之分吧！」,自动修正,
181,020_UAF_DAY91_01.egpack,020_UAF_DAY91_01.xml,020_UAF_DAY91_01,161,1,text,game_t00180,game_s00005,ダリル,「だったらなおさら、\wだな。名前ってのはそういうもんさ」,「那就更是如此了。名字就是这么回事啊」,自动修正,
182,020_UAF_DAY91_01.egpack,020_UAF_DAY91_01.xml,020_UAF_DAY91_01,162,1,text,game_t00181,game_s00001,ウィル,「…\w…\w了解です」,「……了解」,自动修正,
183,020_UAF_DAY91_01.egpack,020_UAF_DAY91_01.xml,020_UAF_DAY91_01,163,1,text,game_t00182,,,それは分かったけど…\w…\w俺は名前だけなんて絶対に認めない…\w…\w！,这我明白……但我绝不承认只有名字……！,OK,
184,020_UAF_DAY91_01.egpack,020_UAF_DAY91_01.xml,020_UAF_DAY91_01,164,1,text,game_t00183,,,――助けるぞ。,――我来帮你。,OK,
185,020_UAF_DAY91_01.egpack,020_UAF_DAY91_01.xml,020_UAF_DAY91_01,165,1,text,game_t00184,,,必ず助けてやる。,一定会救你的。,OK,
186,020_UAF_DAY91_01.egpack,020_UAF_DAY91_01.xml,020_UAF_DAY91_01,166,1,text,game_t00185,game_s00001,ウィル,「――少尉、\wまもなくそちらに到着します。このまま通信を――」,「——少尉，马上就到您那里。就这样保持通信——」,自动修正,
187,020_UAF_DAY91_01.egpack,020_UAF_DAY91_01.xml,020_UAF_DAY91_01,167,1,text,game_t00186,,,いた…\w…\w！,好痛……！,OK,
188,020_UAF_DAY91_01.egpack,020_UAF_DAY91_01.xml,020_UAF_DAY91_01,168,1,text,game_t00187,game_s00005,ダリル,「対象を望遠で確認、\wそっちはどうだい！」,「目标已通过望远镜确认，你那边情况如何！」,自动修正,
189,020_UAF_DAY91_01.egpack,020_UAF_DAY91_01.xml,020_UAF_DAY91_01,169,1,text,game_t00188,game_s00001,ウィル,「――こちらでも確認しました！」,「——这边也确认了！」,自动修正,
190,020_UAF_DAY91_01.egpack,020_UAF_DAY91_01.xml,020_UAF_DAY91_01,170,1,text,game_t00189,,,救命艇だ！,救命艇！,OK,
191,020_UAF_DAY91_01.egpack,020_UAF_DAY91_01.xml,020_UAF_DAY91_01,171,1,text,game_t00190,,,目印用の染料がばら撒かれてる…\w…\wいいぞ、\wあれは陸でも十分役に立ってる…\w…\w！,作为标记的染料被撒开了……很好，那个在陆地上也足够有用……！,OK,
192,020_UAF_DAY91_01.egpack,020_UAF_DAY91_01.xml,020_UAF_DAY91_01,172,1,text,game_t00191,game_s00005,ダリル,「素晴らしいね。お待ちかねの『代わり映えする』眺めじゃないか」,「真棒啊。这不正是期待已久的‘焕然一新’的景色吗」,自动修正,
193,020_UAF_DAY91_01.egpack,020_UAF_DAY91_01.xml,020_UAF_DAY91_01,173,1,text,game_t00192,game_s00001,ウィル,「最高ですよ。誰かがまだ生きている…\w…\wこれ以上の話はない！」,「最高了。有人还活着……没有比这更好的事了！」,自动修正,
194,020_UAF_DAY91_01.egpack,020_UAF_DAY91_01.xml,020_UAF_DAY91_01,174,1,text,game_t00193,,,そうだ、\w生きていれば…\w…\w生き延びていればこそ、\w何とでもなる！,是啊，只要活着……只要能够活下去，就总会有办法的！,OK,
195,020_UAF_DAY91_01.egpack,020_UAF_DAY91_01.xml,020_UAF_DAY91_01,175,1,text,game_t00194,game_s00005,ダリル,「いい台詞だウィルバート。着陸するぞ」,「说得不错威尔巴特。准备着陆」,自动修正,
196,020_UAF_DAY91_01.egpack,020_UAF_DAY91_01.xml,020_UAF_DAY91_01,176,1,text,game_t00195,game_s00005,ダリル,「よし、\w一旦海上に出てから右旋回、\w一度フライパスして周囲を確認する。ジェット後流を当てんじゃないよ――距離１００で着地、\w主脚歩行接近」,「好，先出海再右转，飞越一次确认周围情况。别被喷气尾流打到——距离100着陆，主起落架步行接近。」,自动修正,
197,020_UAF_DAY91_01.egpack,020_UAF_DAY91_01.xml,020_UAF_DAY91_01,177,1,text,game_t00196,game_s00001,ウィル,「ナイヴス２了解、\w距離１００で着地、\w主脚歩行にて接近します」,「黑刃2了解，距离100着陆，以主脚步行接近」,自动修正,
198,020_UAF_DAY91_01.egpack,020_UAF_DAY91_01.xml,020_UAF_DAY91_01,178,1,text,game_t00197,,,焦るな…\w…\w状況や地形の確認は基本だ。,别着急……确认情况和地形是基本。,OK,
199,020_UAF_DAY91_01.egpack,020_UAF_DAY91_01.xml,020_UAF_DAY91_01,179,1,text,game_t00198,,,戦術機が着地した瞬間に漂着地点が海に向かって崩落、\wなんてケースが無いわけでもない。,战术机着陆的瞬间，漂着地点向海面崩塌，这种情况也不是没有。,OK,
200,020_UAF_DAY91_01.egpack,020_UAF_DAY91_01.xml,020_UAF_DAY91_01,180,1,text,game_t00199,,,この現場は渚みたいだから大丈夫だとは思うが…\w…\w。,这个现场像渚一样，所以我觉得没问题……,OK,
201,020_UAF_DAY91_01.egpack,020_UAF_DAY91_01.xml,020_UAF_DAY91_01,181,1,text,game_t00200,game_s00001,ウィル,「…\w…\w…\w…\wッ！」,「…………！」,自动修正,
202,020_UAF_DAY91_01.egpack,020_UAF_DAY91_01.xml,020_UAF_DAY91_01,182,1,text,game_t00201,,,あれは…\w…\w人だ！　生存者だ！,那是……人！是幸存者！,OK,
203,020_UAF_DAY91_01.egpack,020_UAF_DAY91_01.xml,020_UAF_DAY91_01,183,1,text,game_t00202,game_s00001,ウィル,「――隊長、\w対象船外にて目標本人を直接確認――」,「——队长，在目标船外直接确认目标本人——」,自动修正,
204,020_UAF_DAY91_01.egpack,020_UAF_DAY91_01.xml,020_UAF_DAY91_01,184,1,text,game_t00203,game_s00005,ダリル,「ナイヴス１よりソルティ・ベース、\w対象を発見した。乗員数名規模の救命艇の模様」,「黑刃1呼叫索尔蒂基地，发现目标。似乎是容纳数名乘员的救生艇」,自动修正,
205,020_UAF_DAY91_01.egpack,020_UAF_DAY91_01.xml,020_UAF_DAY91_01,185,1,text,game_t00204,game_s00005,ダリル,「また目視で船外に生存者１名を確認した。これより保護する」,「又目视确认船外有一名幸存者。现在开始保护。」,自动修正,
206,020_UAF_DAY91_01.egpack,020_UAF_DAY91_01.xml,020_UAF_DAY91_01,186,1,text,game_t00205,game_s00018,ＪＦＫオペレーター,「――ソルティ・ベースよりナイヴス１。生存者確認了解。引きの強さはさすがだな」,「——索尔蒂基地呼叫黑刃1。确认幸存者，了解。运气真不错啊。」,自动修正,
207,020_UAF_DAY91_01.egpack,020_UAF_DAY91_01.xml,020_UAF_DAY91_01,187,1,text,game_t00206,game_s00005,ダリル,「任せときな。帰ったらアンタもカードで毟ってやるよ」,「交给我吧。回去之后也用你的卡狠狠敲你一笔。」,自动修正,
208,020_UAF_DAY91_01.egpack,020_UAF_DAY91_01.xml,020_UAF_DAY91_01,188,1,text,game_t00207,,,船の外まで出られるってことは、\w体力的にはそれなりに安定してるはずだ。,能出到船外的话，体力上应该还算稳定。,OK,
209,020_UAF_DAY91_01.egpack,020_UAF_DAY91_01.xml,020_UAF_DAY91_01,189,1,text,game_t00208,,,隊長の運というか、\w引きの良さはホント洒落にならないレベルだな。,队长的运气或者说抽卡的好运真是到了非同小可的地步啊。,OK,
210,020_UAF_DAY91_01.egpack,020_UAF_DAY91_01.xml,020_UAF_DAY91_01,190,1,text,game_t00209,game_s00005,ダリル,「ウィル、\w降りたらファストエイドキットを用意。サバイバルから緊急用輸液も出しときな」,「威尔，下来后准备急救包。从救生包里也拿出紧急输液。」,自动修正,
211,020_UAF_DAY91_01.egpack,020_UAF_DAY91_01.xml,020_UAF_DAY91_01,191,1,text,game_t00210,game_s00001,ウィル,「了解――！」,「了解——！」,自动修正,
212,020_UAF_DAY91_01.egpack,020_UAF_DAY91_01.xml,020_UAF_DAY91_01,192,1,text,game_t00211,game_s00001,ウィル,「大丈夫ですか！」,「你没事吧！」,自动修正,
213,020_UAF_DAY91_01.egpack,020_UAF_DAY91_01.xml,020_UAF_DAY91_01,193,1,text,game_t00212,game_s00001,ウィル,「…\w…\wって何てこった、\w海兵隊員じゃないか！」,「……搞什么，这不是海军陆战队员吗！」,自动修正,
214,020_UAF_DAY91_01.egpack,020_UAF_DAY91_01.xml,020_UAF_DAY91_01,194,1,text,game_t00213,,,嘘だろ…\w…\wこの広い海で、\w運良く発見した相手が海兵隊の仲間だって…\w…\w！？,骗人的吧……在这片广阔的海上，好不容易发现的居然是海军陆战队的同伴……！？,OK,
215,020_UAF_DAY91_01.egpack,020_UAF_DAY91_01.xml,020_UAF_DAY91_01,195,1,text,game_t00214,,,隊長、\w引きが強いなんてモンじゃないぜ！,队长，这可不是运气好那么简单！,OK,
216,020_UAF_DAY91_01.egpack,020_UAF_DAY91_01.xml,020_UAF_DAY91_01,196,1,text,game_t00215,game_s00005,ダリル,「海兵隊だって？」,「海军陆战队？」,自动修正,
217,020_UAF_DAY91_01.egpack,020_UAF_DAY91_01.xml,020_UAF_DAY91_01,197,1,text,game_t00216,game_s00005,ダリル,「おやまあホントだ、\w海兵隊員でしかも衛士かい！　神のお導きも捨てたもんじゃないね」,「哎呀真的，是海军陆战队员而且还是卫士！神的指引也不算太差嘛」,自动修正,
218,020_UAF_DAY91_01.egpack,020_UAF_DAY91_01.xml,020_UAF_DAY91_01,198,1,text,game_t00217,,,おっかさんも嬉しそうだ。そりゃそうだよな…\w…\w海兵隊員同士は兄弟みたいなもんだ。,老妈也很高兴。那当然啊……海军陆战队员之间就像兄弟一样。,OK,
219,020_UAF_DAY91_01.egpack,020_UAF_DAY91_01.xml,020_UAF_DAY91_01,199,1,text,game_t00218,game_s00011,リリア,「ありがとう…\w…\wございます…\w…\w…\w…\w私は…\w…\w」,「谢谢……您…………我……」,自动修正,
220,020_UAF_DAY91_01.egpack,020_UAF_DAY91_01.xml,020_UAF_DAY91_01,200,1,text,game_t00219,game_s00001,ウィル,「お、\wおい――！」,「喂、喂——！」,自动修正,
221,020_UAF_DAY91_01.egpack,020_UAF_DAY91_01.xml,020_UAF_DAY91_01,201,1,text,game_t00220,game_s00005,ダリル,「ああそのまま座ってな。無理するんじゃないよ」,「啊啊，就那么坐着吧。别勉强自己。」,自动修正,
222,020_UAF_DAY91_01.egpack,020_UAF_DAY91_01.xml,020_UAF_DAY91_01,202,1,text,game_t00221,game_s00005,ダリル,「強化装備のバッテリーは流石に切れてるねえ…\w…\wお嬢ちゃん、\w何日目だい？　水は？」,「强化装备的电池果然没电了啊……小姑娘，第几天了？水呢？」,自动修正,
223,020_UAF_DAY91_01.egpack,020_UAF_DAY91_01.xml,020_UAF_DAY91_01,203,1,text,game_t00222,game_s00011,リリア,「漂流してからは…\w…\w５日目で…\w…\w水分は十分取ってると…\w…\w思います…\w…\w」,「漂流以来……第5天了……水分应该……摄取充足……我想……」,自动修正,
224,020_UAF_DAY91_01.egpack,020_UAF_DAY91_01.xml,020_UAF_DAY91_01,204,1,text,game_t00223,,,５日目か…\w…\w水が取れてるなら、\w確かにまだ命の危険は無いレベルだ。よかった…\w…\w。,第5天了吗……如果能取到水的话，确实还不到危及生命的程度。太好了……,OK,
225,020_UAF_DAY91_01.egpack,020_UAF_DAY91_01.xml,020_UAF_DAY91_01,205,1,text,game_t00224,game_s00005,ダリル,「ちょっと待ってな、\w今こっちの服と繋ぐからね」,「稍微等一下，我现在把这边的衣服连起来哦」,自动修正,
226,020_UAF_DAY91_01.egpack,020_UAF_DAY91_01.xml,020_UAF_DAY91_01,206,1,text,game_t00225,game_s00011,リリア,「すみま…\w…\wせん…\w…\w」,「对不起……」,自动修正,
227,020_UAF_DAY91_01.egpack,020_UAF_DAY91_01.xml,020_UAF_DAY91_01,207,1,text,game_t00226,game_s00005,ダリル,「いいんだよ、\wこの広い海のど真ん中で海兵隊のお仲間に出会えたんだ、\w感謝ならマリア様にしときな」,「没事的，在这片广阔的大海正中央能遇到海军陆战队的同伴，要感谢的话就感谢玛丽亚大人吧」,自动修正,
228,020_UAF_DAY91_01.egpack,020_UAF_DAY91_01.xml,020_UAF_DAY91_01,208,1,text,game_t00227,,,寒いのか…\w…\w？　この日差しと気温でも軽く震えてる。熱があるのかもな。,冷吗……？在这样的阳光和气温下也轻轻发抖。可能发烧了。,OK,
229,020_UAF_DAY91_01.egpack,020_UAF_DAY91_01.xml,020_UAF_DAY91_01,209,1,text,game_t00228,game_s00001,ウィル,「中尉、\w毛布出しておきますか？」,「中尉，要我把毯子拿出来吗？」,自动修正,
230,020_UAF_DAY91_01.egpack,020_UAF_DAY91_01.xml,020_UAF_DAY91_01,210,1,text,game_t00229,game_s00005,ダリル,「今体温を調べてる。どっちにしても強化装備を戦術機に繋いでやる方が早いだろう」,「现在正在测量体温。不管怎样，把强化装备连接到战术机上更快吧。」,自动修正,
231,020_UAF_DAY91_01.egpack,020_UAF_DAY91_01.xml,020_UAF_DAY91_01,211,1,text,game_t00230,game_s00005,ダリル,「バイタル、\wそっちにも回すよ」,「生命体征，也转到你那边了」,自动修正,
232,020_UAF_DAY91_01.egpack,020_UAF_DAY91_01.xml,020_UAF_DAY91_01,212,1,text,game_t00231,game_s00005,ダリル,「軽く発熱してる、\wか。けどこの程度なら感染症の心配はなさそうだね」,「」,自动修正,json_parse:JSONDecodeError
233,020_UAF_DAY91_01.egpack,020_UAF_DAY91_01.xml,020_UAF_DAY91_01,213,1,text,game_t00232,,,やっぱりそうか…\w…\wでも一安心だ,果然是这样……不过总算放心了,OK,
234,020_UAF_DAY91_01.egpack,020_UAF_DAY91_01.xml,020_UAF_DAY91_01,214,1,text,game_t00233,,,であれば…\w…\w。,如果是这样的话……,OK,
235,020_UAF_DAY91_01.egpack,020_UAF_DAY91_01.xml,020_UAF_DAY91_01,215,1,text,game_t00234,game_s00005,ダリル,「…\w…\wウィル、\w輸液はいいからドリンクパック寄越しな」,「……威尔，输液就算了，把饮料包给我」,自动修正,
236,020_UAF_DAY91_01.egpack,020_UAF_DAY91_01.xml,020_UAF_DAY91_01,216,1,text,game_t00235,,,わかってますよ、\wと。,我知道的。,OK,
237,020_UAF_DAY91_01.egpack,020_UAF_DAY91_01.xml,020_UAF_DAY91_01,217,1,text,game_t00236,game_s00001,ウィル,「アイ。…\w…\wどうぞ、\w飲まれますか？」,「哎。……请，要喝吗？」,自动修正,
238,020_UAF_DAY91_01.egpack,020_UAF_DAY91_01.xml,020_UAF_DAY91_01,218,1,text,game_t00237,game_s00011,リリア,「いただきます…\w…\wありがとう…\w…\w」,「我开动了……谢谢……」,自动修正,
239,020_UAF_DAY91_01.egpack,020_UAF_DAY91_01.xml,020_UAF_DAY91_01,219,1,text,game_t00238,game_s00005,ダリル,「簡易バイタルチェックを掛けてるけど…\w…\w外傷もないみたいだし、\w帰還まで差し迫った問題はなさそうね」,「正在做简易生命体征检查……似乎也没有外伤，看来在返回前不会有迫在眉睫的问题。」,自动修正,
240,020_UAF_DAY91_01.egpack,020_UAF_DAY91_01.xml,020_UAF_DAY91_01,220,1,text,game_t00239,game_s00001,ウィル,「良かった…\w…\wもう大丈夫ですよ、\wえーと、\wリリア…\w…\w」,「太好了……已经没事了，呃，莉莉娅……」,自动修正,
241,020_UAF_DAY91_01.egpack,020_UAF_DAY91_01.xml,020_UAF_DAY91_01,221,1,text,game_t00240,,,さっき苗字までは聞き取れなかったんだよな。,刚才没听清你的姓氏。,OK,
242,020_UAF_DAY91_01.egpack,020_UAF_DAY91_01.xml,020_UAF_DAY91_01,222,1,text,game_t00241,game_s00011,リリア,「…\w…\w第２６海兵戦術機甲群所属、\wリリア・シェルベリ少尉です。座ったまま失礼します」,「……第26海兵战术机甲群所属，莉莉娅·谢尔贝里少尉。坐着失礼了」,自动修正,
243,020_UAF_DAY91_01.egpack,020_UAF_DAY91_01.xml,020_UAF_DAY91_01,223,1,text,game_t00242,game_s00001,ウィル,「第３１８海兵戦術機隊、\w\nウィルバート・コリンズ少尉です」,「第318海军陆战队战术机队、/ 威尔伯特·柯林斯少尉」,自动修正,
244,020_UAF_DAY91_01.egpack,020_UAF_DAY91_01.xml,020_UAF_DAY91_01,224,1,text,game_t00243,game_s00005,ダリル,「同じく、\wダリル・マクマナス中尉だ。今は二人とも海軍の第３母艦付きだけどね」,「同样，我是达里尔·麦克马纳斯中尉。不过现在我们俩都隶属于海军第3母舰」,自动修正,
245,020_UAF_DAY91_01.egpack,020_UAF_DAY91_01.xml,020_UAF_DAY91_01,225,1,text,game_t00244,game_s00011,リリア,「第３母艦…\w…\wジョン・Ｆ・ケネディ！　ああ、\w助かった…\w…\w！」,「第3母舰……约翰·F·肯尼迪！啊，得救了……！」,自动修正,
246,020_UAF_DAY91_01.egpack,020_UAF_DAY91_01.xml,020_UAF_DAY91_01,226,1,text,game_t00245,,,助かった、\wか…\w…\w。,得救了，吗……,OK,
247,020_UAF_DAY91_01.egpack,020_UAF_DAY91_01.xml,020_UAF_DAY91_01,227,1,text,game_t00246,,,さすがは合衆国の正規母艦様、\w名前だけでこのリアクションだ。あれに拾われればそりゃ助かる…\w…\wと思うだろう。,不愧是合众国的正规母舰大人，光凭名字就有这种反应。要是被那个捡到的话，那确实能得救……我想。,OK,
248,020_UAF_DAY91_01.egpack,020_UAF_DAY91_01.xml,020_UAF_DAY91_01,228,1,text,game_t00247,,,…\w…\wまあ、\wその考えは現状、\w半分しか当たってないんだけどな。,……嘛，这个想法目前只对了一半。,OK,
249,020_UAF_DAY91_01.egpack,020_UAF_DAY91_01.xml,020_UAF_DAY91_01,229,1,text,game_t00248,game_s00005,ダリル,「そっちの第２６ってことは…\w…\wフィリピンからかい？　艦は？」,「你那边第26……是从菲律宾来的吗？舰呢？」,自动修正,
250,020_UAF_DAY91_01.egpack,020_UAF_DAY91_01.xml,020_UAF_DAY91_01,230,1,text,game_t00249,game_s00011,リリア,「あ…\w…\wそうだ、\wこんな話してる場合じゃ…\w…\w！」,「啊……对了，现在不是说这个的时候……！」,自动修正,
251,020_UAF_DAY91_01.egpack,020_UAF_DAY91_01.xml,020_UAF_DAY91_01,231,1,text,game_t00250,,,え…\w…\w？,诶……？,OK,
252,020_UAF_DAY91_01.egpack,020_UAF_DAY91_01.xml,020_UAF_DAY91_01,232,1,text,game_t00251,game_s00011,リリア,「すみません、\w捜索隊の手配をお願いします…\w…\w！　他にも救命艇が脱出してるはずなんです！」,「对不起，请安排搜索队……！应该还有其他救生艇逃出来了！」,自动修正,
253,020_UAF_DAY91_01.egpack,020_UAF_DAY91_01.xml,020_UAF_DAY91_01,233,1,text,game_t00252,,,おいおい、\w本当に無茶する奴だな！　しかも急に…\w…\w。,喂喂，真是个乱来的家伙！而且还这么突然……,OK,
254,020_UAF_DAY91_01.egpack,020_UAF_DAY91_01.xml,020_UAF_DAY91_01,234,1,text,game_t00253,game_s00005,ダリル,「だから無理するなって言ってるだろう…\w…\w一体どうしたんだい！？」,「所以说别逞强了……你到底怎么了！？」,自动修正,
255,020_UAF_DAY91_01.egpack,020_UAF_DAY91_01.xml,020_UAF_DAY91_01,235,1,text,game_t00254,game_s00011,リリア,「船は海軍の『シアトル』で脱出してたんですが…\w…\w機関部をやられて漂流してたんです」,「船在海军‘西雅图’上逃脱了……但机关部被击中，漂流着。」,自动修正,
256,020_UAF_DAY91_01.egpack,020_UAF_DAY91_01.xml,020_UAF_DAY91_01,236,1,text,game_t00255,game_s00011,リリア,「補給艦でしたから物資には困らなかったんですが、\w５日前に嵐で…\w…\w」,「因为是补给舰所以物资不愁，但5天前遭遇了暴风雨……」,自动修正,
257,020_UAF_DAY91_01.egpack,020_UAF_DAY91_01.xml,020_UAF_DAY91_01,237,1,text,game_t00256,game_s00001,ウィル,「…\w…\w…\w…\w」,「…………」,OK,
258,020_UAF_DAY91_01.egpack,020_UAF_DAY91_01.xml,020_UAF_DAY91_01,238,1,text,game_t00257,,,そうか…\w…\wあの日から長いこと漂流した上で、\wさらに遭難したってわけか。キツいな…\w…\w。,这样啊……从那天起漂流了很久，然后又遇难了。真够呛啊……,OK,
259,020_UAF_DAY91_01.egpack,020_UAF_DAY91_01.xml,020_UAF_DAY91_01,239,1,text,game_t00258,game_s00011,リリア,「元々浸水区画が多かったんで、\w許容応力を超えたんだと思います。それで、\w一気に浸水が進んで…\w…\w」,「原本浸水区划就多，所以我认为超过了容许应力。于是，浸水一下子加剧了……」,自动修正,
260,020_UAF_DAY91_01.egpack,020_UAF_DAY91_01.xml,020_UAF_DAY91_01,240,1,text,game_t00259,game_s00011,リリア,「…\w…\wとっさに強化装備をつかんで救命艇に飛び乗るのがやっとで…\w…\w」,「……好不容易才抓起强化装备跳上救生艇……」,自动修正,
261,020_UAF_DAY91_01.egpack,020_UAF_DAY91_01.xml,020_UAF_DAY91_01,241,1,text,game_t00260,game_s00005,ダリル,「…\w…\w…\w…\w」,「…………」,OK,
262,020_UAF_DAY91_01.egpack,020_UAF_DAY91_01.xml,020_UAF_DAY91_01,242,1,text,game_t00261,game_s00011,リリア,「でも、\w他にも何隻かボートが展開したのは目撃してるんです！　他の救命艇はすぐに離れてはぐれてしまいましたけど…\w…\w」,「但是，我也目击到了其他几艘船展开！其他的救生艇虽然很快就分散走散了……」,自动修正,
263,020_UAF_DAY91_01.egpack,020_UAF_DAY91_01.xml,020_UAF_DAY91_01,243,1,text,game_t00262,,,…\w…\w…\w…\w！,…………！,OK,
264,020_UAF_DAY91_01.egpack,020_UAF_DAY91_01.xml,020_UAF_DAY91_01,244,1,text,game_t00263,,,そういうことか…\w…\wと言うより、\w当然だよな。救命艇が１隻だけなワケがない。,原来是这样……不如说，理所当然吧。救生艇不可能只有一艘。,OK,
265,020_UAF_DAY91_01.egpack,020_UAF_DAY91_01.xml,020_UAF_DAY91_01,245,1,text,game_t00264,,,でも…\w…\w。,但是……,OK,
266,020_UAF_DAY91_01.egpack,020_UAF_DAY91_01.xml,020_UAF_DAY91_01,246,1,text,game_t00265,game_s00011,リリア,「お願いです！　今から捜索すればきっとまだ――！」,「求您了！现在开始搜索的话一定还——！」,自动修正,
267,020_UAF_DAY91_01.egpack,020_UAF_DAY91_01.xml,020_UAF_DAY91_01,247,1,text,game_t00266,game_s00001,ウィル,「…\w…\w…\w…\w」,「…………」,OK,
268,020_UAF_DAY91_01.egpack,020_UAF_DAY91_01.xml,020_UAF_DAY91_01,248,1,text,game_t00267,game_s00005,ダリル,「…\w…\w…\w…\w」,「…………」,OK,
269,020_UAF_DAY91_01.egpack,020_UAF_DAY91_01.xml,020_UAF_DAY91_01,249,1,text,game_t00268,,,…\w…\wここは、\w隊長に切り出してもらった方がいいな…\w…\w。上からの台詞にした方がまだ受け入れやすいだろう…\w…\w。,……这里，还是让队长先开口比较好……用上级的台词的话，还更容易接受吧……,OK,
270,020_UAF_DAY91_01.egpack,020_UAF_DAY91_01.xml,020_UAF_DAY91_01,250,1,text,game_t00269,game_s00005,ダリル,「…\w…\wすまないんだけどね、\w捜索隊は出せないんだよ」,「……不好意思啊，搜索队不能派出去。」,自动修正,
271,020_UAF_DAY91_01.egpack,020_UAF_DAY91_01.xml,020_UAF_DAY91_01,251,1,text,game_t00270,game_s00011,リリア,「え――？」,「诶——？」,自动修正,
272,020_UAF_DAY91_01.egpack,020_UAF_DAY91_01.xml,020_UAF_DAY91_01,252,1,text,game_t00271,game_s00005,ダリル,「アタシらの推進剤もそろそろ余裕がない…\w…\w今日はお嬢ちゃんを乗せて戻るのがやっとなんだよ」,「我们的推进剂也快不够了……今天能载着你回去就已经是极限了。」,自动修正,
273,020_UAF_DAY91_01.egpack,020_UAF_DAY91_01.xml,020_UAF_DAY91_01,253,1,text,game_t00272,game_s00011,リリア,「だったら――！　艦隊に連絡して捜索隊を――！」,「那就――！联系舰队派出搜索队――！」,自动修正,
274,020_UAF_DAY91_01.egpack,020_UAF_DAY91_01.xml,020_UAF_DAY91_01,254,1,text,game_t00273,game_s00005,ダリル,「母艦に報告は入れてるよ。今頃、\w向こうでも検討はしてるだろうさ。気持ちはわからないでもないが、\w今はアンタの身体のほうが心配だ」,「已经向母舰报告了。现在那边应该也在讨论吧。虽然不是不能理解你的心情，但现在我更担心你的身体。」,自动修正,
275,020_UAF_DAY91_01.egpack,020_UAF_DAY91_01.xml,020_UAF_DAY91_01,255,1,text,game_t00274,game_s00011,リリア,「私なら大丈夫ですから――」,「我的话没关系——」,自动修正,
276,020_UAF_DAY91_01.egpack,020_UAF_DAY91_01.xml,020_UAF_DAY91_01,256,1,text,game_t00275,,,随分食い下がるけど、\w彼女からすれば当然の反応だよな…\w…\w。,虽然纠缠得很紧，但从女性角度来看，这是理所当然的反应吧……,OK,
277,020_UAF_DAY91_01.egpack,020_UAF_DAY91_01.xml,020_UAF_DAY91_01,257,1,text,game_t00276,,,自分は助かっても仲間がいる、\wしかも救助したのは母艦付きの戦術機。期待するなってほうが無理だ。,自己得救了还有同伴在，而且救助的是带母舰的战术机。不让人期待才是不可能的。,OK,
278,020_UAF_DAY91_01.egpack,020_UAF_DAY91_01.xml,020_UAF_DAY91_01,258,1,text,game_t00277,,,…\w…\wそろそろ、\w俺も口を挟んだ方がいいな…\w…\w。,……差不多，我也该插嘴了……,OK,
279,020_UAF_DAY91_01.egpack,020_UAF_DAY91_01.xml,020_UAF_DAY91_01,259,1,text,game_t00278,game_s00001,ウィル,「…\w…\w母艦の方でも、\wそう簡単に戦術機を出すわけにはいかないんだ」,「……母舰那边也不能轻易出动战术机。」,自动修正,
280,020_UAF_DAY91_01.egpack,020_UAF_DAY91_01.xml,020_UAF_DAY91_01,260,1,text,game_t00279,game_s00011,リリア,「どうして…\w…\w同じ海兵隊員の命が掛かってるんですよ！　艦載ヘリとか、\w近隣の基地に要請とか色々――」,「为什么……同样都是海军陆战队员的命啊！舰载直升机也好，向附近基地请求支援也好，明明有很多办法――」,自动修正,
281,020_UAF_DAY91_01.egpack,020_UAF_DAY91_01.xml,020_UAF_DAY91_01,261,1,text,game_t00280,game_s00005,ダリル,「ヘリはもう無いし、\w要請もできない」,「直升机已经没有了，也无法请求支援。」,自动修正,
282,020_UAF_DAY91_01.egpack,020_UAF_DAY91_01.xml,020_UAF_DAY91_01,262,1,text,game_t00281,game_s00011,リリア,「そんな…\w…\wだって、\wＪＦＫは…\w…\w」,「怎么会……可是，JFK是……」,自动修正,
283,020_UAF_DAY91_01.egpack,020_UAF_DAY91_01.xml,020_UAF_DAY91_01,263,1,text,game_t00282,,,本当のことを言うしかない…\w…\w。,只能说实话了……,OK,
284,020_UAF_DAY91_01.egpack,020_UAF_DAY91_01.xml,020_UAF_DAY91_01,264,1,text,game_t00283,game_s00005,ダリル,「アタシらも漂流の身なのさ。シェルベリ少尉よりは遥かにマシだろうけどね」,「我们也是漂流之身。不过比起谢尔贝里少尉要好得多吧。」,自动修正,
285,020_UAF_DAY91_01.egpack,020_UAF_DAY91_01.xml,020_UAF_DAY91_01,265,1,text,game_t00284,game_s00011,リリア,「嘘…\w…\wじゃあまさか…\w…\w…\w…\w」,「嘘……难道说…………」,自动修正,
286,020_UAF_DAY91_01.egpack,020_UAF_DAY91_01.xml,020_UAF_DAY91_01,266,1,text,game_t00285,game_s00001,ウィル,「…\w…\w…\w…\w」,「…………」,OK,
287,020_UAF_DAY91_01.egpack,020_UAF_DAY91_01.xml,020_UAF_DAY91_01,267,1,text,game_t00286,,,辛いよな…\w…\w。一度希望が見えて壊されるのは…\w…\w。,很痛苦吧……一旦看到希望又被摧毁……,OK,
288,020_UAF_DAY91_01.egpack,020_UAF_DAY91_01.xml,020_UAF_DAY91_01,268,1,text,game_t00287,,,でも、\w彼女の命に関してはもう安心なんだ。そこで納得してくれるといいんだけど…\w…\w。,但是，关于她的生命已经可以放心了。要是她能接受就好了……,OK,
289,020_UAF_DAY91_01.egpack,020_UAF_DAY91_01.xml,020_UAF_DAY91_01,269,1,text,game_t00288,game_s00005,ダリル,「…\w…\wよくやったよ、\wアンタは仲間の分まで生き抜いたんだ」,「……干得好，你连同伴的份一起活下来了。」,自动修正,
290,020_UAF_DAY91_01.egpack,020_UAF_DAY91_01.xml,020_UAF_DAY91_01,270,1,text,game_t00289,game_s00011,リリア,「…\w…\w…\w…\w」,「…………」,OK,
291,020_UAF_DAY91_01.egpack,020_UAF_DAY91_01.xml,020_UAF_DAY91_01,271,1,text,game_t00290,game_s00005,ダリル,「ここからすぐのところに中継機も設置してある。ここらに救命艇が近づけば確実に拾えるから安心しな」,「从这里不远处也设置了中继机。如果救生艇靠近这里，肯定能接到，放心吧。」,自动修正,
292,020_UAF_DAY91_01.egpack,020_UAF_DAY91_01.xml,020_UAF_DAY91_01,272,1,text,game_t00291,game_s00011,リリア,「どういう…\w…\wことですか…\w…\w？　中継機…\w…\w？」,「这是……怎么回事……？中继机……？」,自动修正,
293,020_UAF_DAY91_01.egpack,020_UAF_DAY91_01.xml,020_UAF_DAY91_01,273,1,text,game_t00292,game_s00001,ウィル,「輸送艦に乗ってたなら、\wあの時から通信障害には気づいてただろう？　あれは今も続いてるんだ」,「如果当时你乘坐运输舰的话，应该早就注意到通信故障了吧？那个问题现在还在持续。」,自动修正,
294,020_UAF_DAY91_01.egpack,020_UAF_DAY91_01.xml,020_UAF_DAY91_01,274,1,text,game_t00293,,,あの日以来徐々にひどくなり、\w遂には長距離通信能力をほぼ奪われるに至った謎の現象。,自那天以来逐渐恶化，最终导致长距离通信能力几乎被剥夺的神秘现象。,OK,
295,020_UAF_DAY91_01.egpack,020_UAF_DAY91_01.xml,020_UAF_DAY91_01,275,1,text,game_t00294,,,だからこそ、\w俺たちも探検隊みたいな真似をする羽目になってるんだ。,正因为如此，我们才不得不像探险队那样做。,OK,
296,020_UAF_DAY91_01.egpack,020_UAF_DAY91_01.xml,020_UAF_DAY91_01,276,1,text,game_t00295,game_s00011,リリア,「…\w…\w…\w…\w」,「…………」,OK,
297,020_UAF_DAY91_01.egpack,020_UAF_DAY91_01.xml,020_UAF_DAY91_01,277,1,text,game_t00296,game_s00005,ダリル,「ウィルの言ってることは本当だよ。どの道、\w中継機が信号を拾わなきゃ捜索は無理なのさ」,「威尔说的是真的。不管怎样，如果中继机收不到信号，搜索是不可能的。」,自动修正,
298,020_UAF_DAY91_01.egpack,020_UAF_DAY91_01.xml,020_UAF_DAY91_01,278,1,text,game_t00297,game_s00005,ダリル,「このだだっ広い海域に、\w数機ぽっちの戦術機じゃあね」,「在这片广阔的海域，区区几架战术机可不行啊」,自动修正,
299,020_UAF_DAY91_01.egpack,020_UAF_DAY91_01.xml,020_UAF_DAY91_01,279,1,text,game_t00298,game_s00011,リリア,「捜索は…\w…\w無理…\w…\w」,「搜索……不可能……」,自动修正,
300,020_UAF_DAY91_01.egpack,020_UAF_DAY91_01.xml,020_UAF_DAY91_01,280,1,text,game_t00299,game_s00001,ウィル,「…\w…\w推進剤も無駄にはできないんだ。すまない、\w本当に…\w…\w」,「……推进剂也不能浪费。抱歉，真的……」,自动修正,
301,020_UAF_DAY91_01.egpack,020_UAF_DAY91_01.xml,020_UAF_DAY91_01,281,1,text,game_t00300,,,クソ…\w…\w。誰かが生きてるなら、\w俺だって本当は助けてやりたい…\w…\w。,该死……有人活着的话，我其实也想救他们……,OK,
302,020_UAF_DAY91_01.egpack,020_UAF_DAY91_01.xml,020_UAF_DAY91_01,282,1,text,game_t00301,game_s00011,リリア,「…\w…\w…\w…\w」,「…………」,OK,
303,020_UAF_DAY91_01.egpack,020_UAF_DAY91_01.xml,020_UAF_DAY91_01,283,1,text,game_t00302,game_s00005,ダリル,「…\w…\wまずは艦に戻るよ。話はそれからだ。いいね？」,「……首先回舰吧。话等之后再说。可以吧？」,自动修正,
304,020_UAF_DAY91_01.egpack,020_UAF_DAY91_01.xml,020_UAF_DAY91_01,284,1,text,game_t00303,game_s00011,リリア,「了解、\wです…\w…\w」,「了解……」,自动修正,
305,020_UAF_DAY91_01.egpack,020_UAF_DAY91_01.xml,020_UAF_DAY91_01,285,1,text,game_t00304,,,…\w…\w分かってくれたか…\w…\w。,……你理解了吗……,OK,
306,020_UAF_DAY91_01.egpack,020_UAF_DAY91_01.xml,020_UAF_DAY91_01,286,1,text,game_t00305,game_s00005,ダリル,「ナイヴス１よりソルティ・ベース、\w救命艇より生存者１名を確保、\w乗員は他に無し」,「黑刃1呼叫索尔蒂基地，从救生艇上救出1名幸存者，无其他乘员」,自动修正,
307,020_UAF_DAY91_01.egpack,020_UAF_DAY91_01.xml,020_UAF_DAY91_01,287,1,text,game_t00306,game_s00005,ダリル,「生存者は米国海兵隊第２６海兵戦術機甲群所属、\wリリア・シェルベリ少尉」,「幸存者是美国海军陆战队第26海军陆战队战术机甲群所属，莉莉娅·谢尔贝里少尉」,自动修正,
308,020_UAF_DAY91_01.egpack,020_UAF_DAY91_01.xml,020_UAF_DAY91_01,288,1,text,game_t00307,game_s00005,ダリル,「若干の衰弱はあるがバイタルに問題なし。戦術機にて搬送可能。データ転送する」,「有若干衰弱但生命体征无问题。可用战术机搬运。进行数据传送」,自动修正,
309,020_UAF_DAY91_01.egpack,020_UAF_DAY91_01.xml,020_UAF_DAY91_01,289,1,text,game_t00308,game_s00018,ＪＦＫオペレーター,「――ソルティ・ベース了解、\w医療チームにデータを回しておく。詳細は帰投後に報告せよ」,「——索尔蒂基地收到，医疗团队的数据已转交。详细情况待返回后报告。」,自动修正,
310,020_UAF_DAY91_01.egpack,020_UAF_DAY91_01.xml,020_UAF_DAY91_01,290,1,text,game_t00309,game_s00005,ダリル,「ナイヴス１了解。これより帰投する」,「黑刃1了解。现在返航」,自动修正,
311,020_UAF_DAY91_01.egpack,020_UAF_DAY91_01.xml,020_UAF_DAY91_01,291,1,text,game_t00310,game_s00005,ダリル,「さて、\wと」,「那么，」,自动修正,
312,020_UAF_DAY91_01.egpack,020_UAF_DAY91_01.xml,020_UAF_DAY91_01,292,1,text,game_t00311,game_s00005,ダリル,「ウィルバート・Ｄ・コリンズ少尉！」,「威尔伯特·D·柯林斯少尉！」,自动修正,
313,020_UAF_DAY91_01.egpack,020_UAF_DAY91_01.xml,020_UAF_DAY91_01,293,1,text,game_t00312,game_s00001,ウィル,「は！」,「是！」,自动修正,
314,020_UAF_DAY91_01.egpack,020_UAF_DAY91_01.xml,020_UAF_DAY91_01,294,1,text,game_t00313,game_s00005,ダリル,「シェルベリ少尉を貴様の機体に乗せて差し上げろ」,「把谢尔贝里少尉放到你的机体上」,自动修正,
315,020_UAF_DAY91_01.egpack,020_UAF_DAY91_01.xml,020_UAF_DAY91_01,295,1,text,game_t00314,game_s00001,ウィル,「は！　…\w…\wは！？」,「哈！　……哈！？」,自动修正,
316,020_UAF_DAY91_01.egpack,020_UAF_DAY91_01.xml,020_UAF_DAY91_01,296,1,text,game_t00315,game_s00011,リリア,「…\w…\w…\w…\w！」,「…………！」,OK,
317,020_UAF_DAY91_01.egpack,020_UAF_DAY91_01.xml,020_UAF_DAY91_01,297,1,text,game_t00316,,,ちょっ…\w…\wちょっと待て隊長！　何を言ってるか本当に分かってるのか！？,等……等一下队长！你真的明白自己在说什么吗！？,OK,
318,020_UAF_DAY91_01.egpack,020_UAF_DAY91_01.xml,020_UAF_DAY91_01,298,1,text,game_t00317,game_s00005,ダリル,「なんだウィル、\w何か文句でもあるのかい？」,「怎么了威尔，你有什么不满吗？」,自动修正,
319,020_UAF_DAY91_01.egpack,020_UAF_DAY91_01.xml,020_UAF_DAY91_01,299,1,text,game_t00318,game_s00001,ウィル,「…\w…\wは。いえ…\w…\wその、\w恐れながら、\w我々のＦ－１８Ｅは単座であります」,「……是。不……那个，恕我直言，我们的F-18E是单座的」,自动修正,
320,020_UAF_DAY91_01.egpack,020_UAF_DAY91_01.xml,020_UAF_DAY91_01,300,1,text,game_t00319,game_s00005,ダリル,「それがどうした」,「那又怎样」,自动修正,
321,020_UAF_DAY91_01.egpack,020_UAF_DAY91_01.xml,020_UAF_DAY91_01,301,1,text,game_t00320,game_s00001,ウィル,「いや、\wだからその…\w…\wシェルベリ少尉を運ぶのであれば、\wハーネス固定で小官の膝の上、\wということになりますが」,「不，所以那个……如果要运送谢尔贝里少尉的话，就是用安全带固定在我膝盖上的意思。」,自动修正,
322,020_UAF_DAY91_01.egpack,020_UAF_DAY91_01.xml,020_UAF_DAY91_01,302,1,text,game_t00321,game_s00005,ダリル,「そのとおりだな。それが、\wどうした？」,「说得对。那又怎么样？」,自动修正,
323,020_UAF_DAY91_01.egpack,020_UAF_DAY91_01.xml,020_UAF_DAY91_01,303,1,text,game_t00322,game_s00001,ウィル,「その…\w…\wこのようなケースは、\w女性同士の方がよろし――」,「那个……这种情况，女性之间比较合适——」,自动修正,
324,020_UAF_DAY91_01.egpack,020_UAF_DAY91_01.xml,020_UAF_DAY91_01,304,1,text,game_t00323,game_s00005,ダリル,「却下する」,「驳回」,自动修正,
325,020_UAF_DAY91_01.egpack,020_UAF_DAY91_01.xml,020_UAF_DAY91_01,305,1,text,game_t00324,,,――即答かよ！,——回答得真快啊！,OK,
326,020_UAF_DAY91_01.egpack,020_UAF_DAY91_01.xml,020_UAF_DAY91_01,306,1,text,game_t00325,game_s00005,ダリル,「隊長機のコックピットを塞ごうとはイイ度胸じゃないか、\wコリンズ少尉」,「队长机的驾驶舱也敢堵，胆子不小嘛，柯林斯少尉」,自动修正,
327,020_UAF_DAY91_01.egpack,020_UAF_DAY91_01.xml,020_UAF_DAY91_01,307,1,text,game_t00326,game_s00001,ウィル,「いえ、\w俺は決してそのような」,「不，我绝不会那样」,自动修正,
328,020_UAF_DAY91_01.egpack,020_UAF_DAY91_01.xml,020_UAF_DAY91_01,308,1,text,game_t00327,game_s00005,ダリル,「大体アタシは見ての通りでね」,「大体上我就像你看到的那样」,自动修正,
329,020_UAF_DAY91_01.egpack,020_UAF_DAY91_01.xml,020_UAF_DAY91_01,309,1,text,game_t00328,game_s00005,ダリル,「ハーネスで人を乗せるにはちと窮屈なのさ」,「用安全带载人有点挤。」,自动修正,
330,020_UAF_DAY91_01.egpack,020_UAF_DAY91_01.xml,020_UAF_DAY91_01,310,1,text,game_t00329,game_s00011,リリア,「…\w…\w…\w…\w」,「…………」,OK,
331,020_UAF_DAY91_01.egpack,020_UAF_DAY91_01.xml,020_UAF_DAY91_01,311,1,text,game_t00330,game_s00001,ウィル,「は、\wはあ…\w…\w」,「哈、哈啊……」,自动修正,
332,020_UAF_DAY91_01.egpack,020_UAF_DAY91_01.xml,020_UAF_DAY91_01,312,1,text,game_t00331,,,ダメだ…\w…\w。こういうときのダリル隊長は絶対に折れない。,不行……这种时候的达里尔队长绝对不会让步。,OK,
333,020_UAF_DAY91_01.egpack,020_UAF_DAY91_01.xml,020_UAF_DAY91_01,313,1,text,game_t00332,,,何を考えてるかはさっぱり分からないけど…\w…\w諦めるしかないな…\w…\w。,完全不知道你在想什么……但只能放弃了吧……,OK,
334,020_UAF_DAY91_01.egpack,020_UAF_DAY91_01.xml,020_UAF_DAY91_01,314,1,text,game_t00333,game_s00005,ダリル,「ＯＫコリンズ少尉、\w上官の心優しい説明を理解した上で、\w命令を復唱したまえ」,「OK柯林斯少尉，在理解上官的善意说明后，请复述命令」,自动修正,
335,020_UAF_DAY91_01.egpack,020_UAF_DAY91_01.xml,020_UAF_DAY91_01,315,1,text,game_t00334,game_s00001,ウィル,「アイマム…\w…\w小官の機体にてシェルベリ少尉を搬送します」,「爱姆……小官的机体将运送谢尔贝里少尉」,自动修正,
336,020_UAF_DAY91_01.egpack,020_UAF_DAY91_01.xml,020_UAF_DAY91_01,316,1,text,game_t00335,game_s00005,ダリル,「よろしい。――さあ急ぐよ、\w日が暮れちまう！」,「好的。——快走吧，天要黑了！」,自动修正,
337,020_UAF_DAY91_01.egpack,020_UAF_DAY91_01.xml,020_UAF_DAY91_01,317,1,text,game_t00336,,,…\w…\w確かに、\w無駄にしてる時間は無い。観念して乗せるか…\w…\w！,……确实，没有时间浪费了。死心吧，让我载你一程……！,OK,
338,020_UAF_DAY91_01.egpack,020_UAF_DAY91_01.xml,020_UAF_DAY91_01,318,1,text,game_t00337,game_s00011,リリア,「…\w…\w…\w…\w」,「…………」,OK,
339,020_UAF_DAY91_01.egpack,020_UAF_DAY91_01.xml,020_UAF_DAY91_01,319,1,text,game_t00338,,,あー…\w…\w。,啊……,OK,
340,020_UAF_DAY91_01.egpack,020_UAF_DAY91_01.xml,020_UAF_DAY91_01,320,1,text,game_t00339,game_s00001,ウィル,「え、\wえーと…\w…\w」,「」,自动修正,json_parse:JSONDecodeError
341,020_UAF_DAY91_01.egpack,020_UAF_DAY91_01.xml,020_UAF_DAY91_01,321,1,text,game_t00340,,,さっきから思ってたけど、\w綺麗な子だな…\w…\wこんな子を膝の上に…\w…\w？,刚才就在想，真是个漂亮的孩子……让这样的孩子坐在膝盖上……？,OK,
342,020_UAF_DAY91_01.egpack,020_UAF_DAY91_01.xml,020_UAF_DAY91_01,322,1,text,game_t00341,,,…\w…\wって何考えてるんだ俺。救難活動だ救難活動。,……我在想什么呢。救援活动，救援活动。,OK,
343,020_UAF_DAY91_01.egpack,020_UAF_DAY91_01.xml,020_UAF_DAY91_01,323,1,text,game_t00342,game_s00001,ウィル,「そんなわけで、\wシェルベリ少尉…\w…\w立てますか？」,「所以，谢尔贝里少尉……能站起来吗？」,自动修正,
344,020_UAF_DAY91_01.egpack,020_UAF_DAY91_01.xml,020_UAF_DAY91_01,324,1,text,game_t00343,game_s00011,リリア,「大丈夫…\w…\wあ、\wちょっと肩借りますね」,「没关系……啊，借一下肩膀」,自动修正,
345,020_UAF_DAY91_01.egpack,020_UAF_DAY91_01.xml,020_UAF_DAY91_01,325,1,text,game_t00344,,,重く…\w…\wは無いが軽くも無い。命に別状は無くても、\w本当に消耗してるんだな…\w…\w。,重……倒是不重，但也不轻。虽然性命无碍，但确实很消耗啊……,OK,
346,020_UAF_DAY91_01.egpack,020_UAF_DAY91_01.xml,020_UAF_DAY91_01,326,1,text,game_t00345,,,とにかく、\w早く強化装備をつないでやろう…\w…\w！,总之，快点把强化装备连接上吧……！,OK,
347,020_UAF_DAY91_01.egpack,020_UAF_DAY91_01.xml,020_UAF_DAY91_01,327,1,text,game_t00346,game_s00005,ダリル,「…\w…\wま、\wウィル坊ならあの娘にもちょうどいい安定剤になるだろ」,「……嘛，威尔少爷的话，对那姑娘来说也是恰到好处的安定剂吧。」,自动修正,
348,020_UAF_DAY91_01.egpack,020_UAF_DAY91_01.xml,020_UAF_DAY91_01,328,1,text,game_t00347,,,…\w…\w…\w…\w。,…………。,OK,
349,020_UAF_DAY91_01.egpack,020_UAF_DAY91_01.xml,020_UAF_DAY91_01,329,1,text,game_t00348,game_s00011,リリア,「…\w…\w…\w…\w」,「…………」,OK,
350,020_UAF_DAY91_01.egpack,020_UAF_DAY91_01.xml,020_UAF_DAY91_01,330,1,text,game_t00349,,,ハーネス…\w…\wの前に自分が座らないとな…\w…\w。,安全带……得先自己坐上去才行……,OK,
351,020_UAF_DAY91_01.egpack,020_UAF_DAY91_01.xml,020_UAF_DAY91_01,331,1,text,game_t00350,game_s00011,リリア,「…\w…\w…\w…\w」,「…………」,OK,
352,020_UAF_DAY91_01.egpack,020_UAF_DAY91_01.xml,020_UAF_DAY91_01,332,1,text,game_t00351,,,…\w…\w…\w…\w。,…………。,OK,
353,020_UAF_DAY91_01.egpack,020_UAF_DAY91_01.xml,020_UAF_DAY91_01,333,1,text,game_t00352,,,それにしても、\wおっかさんの思考回路は理解不能だ…\w…\w。,话说回来，老妈的思考回路真是无法理解……,OK,
354,020_UAF_DAY91_01.egpack,020_UAF_DAY91_01.xml,020_UAF_DAY91_01,334,1,text,game_t00353,,,何もこんな時にからかいの種を仕込まなくてもいいじゃないか…\w…\w。,何必要在这种时候埋下捉弄的种子呢……,OK,
355,020_UAF_DAY91_01.egpack,020_UAF_DAY91_01.xml,020_UAF_DAY91_01,335,1,text,game_t00354,game_s00011,リリア,「…\w…\wどうしたんですか？」,「……怎么了？」,自动修正,
356,020_UAF_DAY91_01.egpack,020_UAF_DAY91_01.xml,020_UAF_DAY91_01,336,1,text,game_t00355,game_s00001,ウィル,「――ッ！」,「――！」,自动修正,
357,020_UAF_DAY91_01.egpack,020_UAF_DAY91_01.xml,020_UAF_DAY91_01,337,1,text,game_t00356,,,えっ？　何だ？　何がどうしたなんだ？,诶？什么？怎么回事？,OK,
358,020_UAF_DAY91_01.egpack,020_UAF_DAY91_01.xml,020_UAF_DAY91_01,338,1,text,game_t00357,game_s00011,リリア,「シートロック…\w…\w完了してますよね？」,「座椅锁……完成了吧？」,自动修正,
359,020_UAF_DAY91_01.egpack,020_UAF_DAY91_01.xml,020_UAF_DAY91_01,339,1,text,game_t00358,,,あ…\w…\wそうか。やばいな、\wぼーっとしてた。,啊……这样啊。糟了，我走神了。,OK,
360,020_UAF_DAY91_01.egpack,020_UAF_DAY91_01.xml,020_UAF_DAY91_01,340,1,text,game_t00359,game_s00001,ウィル,「えーと…\w…\wその、\wなんだ…\w…\w。ちょっと待ってくれ、\w今最終確認中だ」,「呃……那个，怎么说呢……稍等一下，我现在正在做最终确认。」,自动修正,
361,020_UAF_DAY91_01.egpack,020_UAF_DAY91_01.xml,020_UAF_DAY91_01,341,1,text,game_t00360,game_s00011,リリア,「はい…\w…\w」,「是……」,自动修正,
362,020_UAF_DAY91_01.egpack,020_UAF_DAY91_01.xml,020_UAF_DAY91_01,342,1,text,game_t00361,,,さすがに顔色も良くないな…\w…\w。,果然脸色也不好啊……,OK,
363,020_UAF_DAY91_01.egpack,020_UAF_DAY91_01.xml,020_UAF_DAY91_01,343,1,text,game_t00362,,,そうだ、\w動じてる場合じゃない。隊長の意図がどうあれ、\w慎重に飛ばさないとな。,是啊，现在不是慌乱的时候。不管队长的意图如何，都必须谨慎飞行。,OK,
364,020_UAF_DAY91_01.egpack,020_UAF_DAY91_01.xml,020_UAF_DAY91_01,344,1,text,game_t00363,game_s00001,ウィル,「すまない、\w待たせたね」,「对不起，让你久等了。」,自动修正,
365,020_UAF_DAY91_01.egpack,020_UAF_DAY91_01.xml,020_UAF_DAY91_01,345,1,text,game_t00364,game_s00001,ウィル,「ベルトにテンションが掛かってるから、\w体重とか気にしないで安心して座ってくれ」,「因为安全带有张力，所以不用在意体重，放心坐下吧」,自动修正,
366,020_UAF_DAY91_01.egpack,020_UAF_DAY91_01.xml,020_UAF_DAY91_01,346,1,text,game_t00365,game_s00011,リリア,「…\w…\w…\w…\w！」,「…………！」,OK,
367,020_UAF_DAY91_01.egpack,020_UAF_DAY91_01.xml,020_UAF_DAY91_01,347,1,text,game_t00366,,,…\w…\wあれ？　座らないのか？,……咦？不坐吗？,OK,
368,020_UAF_DAY91_01.egpack,020_UAF_DAY91_01.xml,020_UAF_DAY91_01,348,1,text,game_t00367,game_s00001,ウィル,「…\w…\wどうした？」,「……怎么了？」,自动修正,
369,020_UAF_DAY91_01.egpack,020_UAF_DAY91_01.xml,020_UAF_DAY91_01,349,1,text,game_t00368,game_s00011,リリア,「な、\wなんでもないわよ！」,「没、没什么！」,自动修正,
370,020_UAF_DAY91_01.egpack,020_UAF_DAY91_01.xml,020_UAF_DAY91_01,350,1,text,game_t00369,game_s00001,ウィル,「お、\wおう…\w…\w」,「哦、哦……」,自动修正,
371,020_UAF_DAY91_01.egpack,020_UAF_DAY91_01.xml,020_UAF_DAY91_01,351,1,text,game_t00370,,,なんだ、\wいきなり口調が変わったぞ？,什么啊，突然语气变了？,OK,
372,020_UAF_DAY91_01.egpack,020_UAF_DAY91_01.xml,020_UAF_DAY91_01,352,1,text,game_t00371,,,俺、\w何かマズい事でも言ったか…\w…\w？,我，说了什么不好的事吗……？,OK,
373,020_UAF_DAY91_01.egpack,020_UAF_DAY91_01.xml,020_UAF_DAY91_01,353,1,text,game_t00372,game_s00011,リリア,「…\w…\w悪いけどこんな状態だから、\w全力で座らせて貰うからね」,「……抱歉，因为这种状态，我就全力坐下了。」,自动修正,
374,020_UAF_DAY91_01.egpack,020_UAF_DAY91_01.xml,020_UAF_DAY91_01,354,1,text,game_t00373,,,…\w…\wなんだ、\wそんなことを気にしてたのか。,……什么啊，原来你在意这个啊。,OK,
375,020_UAF_DAY91_01.egpack,020_UAF_DAY91_01.xml,020_UAF_DAY91_01,355,1,text,game_t00374,game_s00001,ウィル,「ああ、\wだから大丈夫だって。どんなに重くても俺には負担にならないから」,「啊啊，所以说了没事的。再重也对我来说不是负担」,自动修正,
376,020_UAF_DAY91_01.egpack,020_UAF_DAY91_01.xml,020_UAF_DAY91_01,356,1,text,game_t00375,game_s00011,リリア,「…\w…\wあのねえ」,「……那个啊」,自动修正,
377,020_UAF_DAY91_01.egpack,020_UAF_DAY91_01.xml,020_UAF_DAY91_01,357,1,text,game_t00376,game_s00001,ウィル,「…\w…\wん？　なんだ？」,「……嗯？什么？」,自动修正,
378,020_UAF_DAY91_01.egpack,020_UAF_DAY91_01.xml,020_UAF_DAY91_01,358,1,text,game_t00377,game_s00011,リリア,「…\w…\w…\w…\wなんでもないわ」,「……没什么。」,自动修正,
379,020_UAF_DAY91_01.egpack,020_UAF_DAY91_01.xml,020_UAF_DAY91_01,359,1,text,game_t00378,,,よく分からんが、\w相当疲れてるみたいだな。,不太清楚，但看起来相当累啊。,OK,
380,020_UAF_DAY91_01.egpack,020_UAF_DAY91_01.xml,020_UAF_DAY91_01,360,1,text,game_t00379,,,急いだ方がよさそうだ。,最好快点。,OK,
381,020_UAF_DAY91_01.egpack,020_UAF_DAY91_01.xml,020_UAF_DAY91_01,361,1,text,game_t00380,game_s00005,ダリル,「ナイヴス１よりナイヴス２、\w何をとろとろやってるんだい？　準備はできたのか？」,「黑刃1呼叫黑刃2，你在磨蹭什么？准备好了吗？」,自动修正,
382,020_UAF_DAY91_01.egpack,020_UAF_DAY91_01.xml,020_UAF_DAY91_01,362,1,text,game_t00381,,,…\w…\wこりゃマズい。本気でぶち切れるまで４０秒ってところだな。,……这下糟了。大概还有40秒就要真的发火了。,OK,
383,020_UAF_DAY91_01.egpack,020_UAF_DAY91_01.xml,020_UAF_DAY91_01,363,1,text,game_t00382,game_s00001,ウィル,「ナイヴス２よりナイヴス１、\wハーネス固定\n完了しました。これより予備コネクタ接続します」,「黑刃2呼叫黑刃1，安全带固定/已完成。接下来连接备用接口」,自动修正,
384,020_UAF_DAY91_01.egpack,020_UAF_DAY91_01.xml,020_UAF_DAY91_01,364,1,text,game_t00383,game_s00005,ダリル,「――ナイヴス２、\w４０秒で支度しな」,「――黑刃2，40秒内准备好」,自动修正,
385,020_UAF_DAY91_01.egpack,020_UAF_DAY91_01.xml,020_UAF_DAY91_01,365,1,text,game_t00384,game_s00001,ウィル,「――りょ、\w了解」,「——了、了解」,自动修正,
386,020_UAF_DAY91_01.egpack,020_UAF_DAY91_01.xml,020_UAF_DAY91_01,366,1,text,game_t00385,,,…\w…\w予想通りの返信だぜ。,……和预想中的回复一样啊。,OK,
387,020_UAF_DAY91_01.egpack,020_UAF_DAY91_01.xml,020_UAF_DAY91_01,367,1,text,game_t00386,,,えーと…\w…\w予備接続用のケーブルはここで…\w…\w,呃……预备连接用的电缆在这里……,OK,
388,020_UAF_DAY91_01.egpack,020_UAF_DAY91_01.xml,020_UAF_DAY91_01,368,1,text,game_t00387,game_s00001,ウィル,「ごめん、\wちょっとケーブルつなぐよ」,「抱歉，我接一下电缆」,自动修正,
389,020_UAF_DAY91_01.egpack,020_UAF_DAY91_01.xml,020_UAF_DAY91_01,369,1,text,game_t00388,game_s00011,リリア,「ひゃうっ！」,「呀！」,自动修正,
390,020_UAF_DAY91_01.egpack,020_UAF_DAY91_01.xml,020_UAF_DAY91_01,370,1,text,game_t00389,,,どわぁっ！,咚哇啊！,OK,
391,020_UAF_DAY91_01.egpack,020_UAF_DAY91_01.xml,020_UAF_DAY91_01,371,1,text,game_t00390,game_s00001,ウィル,「ご、\wごめん、\wどこか痛んだ…\w…\w？」,「对、对不起，哪里疼……？」,自动修正,
392,020_UAF_DAY91_01.egpack,020_UAF_DAY91_01.xml,020_UAF_DAY91_01,372,1,text,game_t00391,game_s00011,リリア,「…\w…\wそ、\wそうじゃなくて…\w…\wもう少し早く言いなさいよ」,「……不、不是那样……你应该早点说啊」,自动修正,
393,020_UAF_DAY91_01.egpack,020_UAF_DAY91_01.xml,020_UAF_DAY91_01,373,1,text,game_t00392,,,早く？　なんだ、\w何がマズかったんだ？,快点？　怎么了，出什么问题了？,OK,
394,020_UAF_DAY91_01.egpack,020_UAF_DAY91_01.xml,020_UAF_DAY91_01,374,1,text,game_t00393,game_s00001,ウィル,「お、\wおう」,「哦、哦」,自动修正,
395,020_UAF_DAY91_01.egpack,020_UAF_DAY91_01.xml,020_UAF_DAY91_01,375,1,text,game_t00394,,,さっきから反応がいまいち読めないな…\w…\w。,刚才开始就有点读不懂反应了……,OK,
396,020_UAF_DAY91_01.egpack,020_UAF_DAY91_01.xml,020_UAF_DAY91_01,376,1,text,game_t00395,game_s00001,ウィル,「どう？　電源行ってるはずなんだけど」,「怎么样？电源应该通着的啊」,自动修正,
397,020_UAF_DAY91_01.egpack,020_UAF_DAY91_01.xml,020_UAF_DAY91_01,377,1,text,game_t00396,game_s00011,リリア,「…\w…\w大丈夫。映像も来てるわ」,「……没关系。影像也传过来了。」,自动修正,
398,020_UAF_DAY91_01.egpack,020_UAF_DAY91_01.xml,020_UAF_DAY91_01,378,1,text,game_t00397,game_s00001,ウィル,「ＯＫ。これで保温機能も戻るはずだし、\w楽になると思うよ」,「OK。这样保温功能应该也能恢复了，我想会轻松一些。」,自动修正,
399,020_UAF_DAY91_01.egpack,020_UAF_DAY91_01.xml,020_UAF_DAY91_01,379,1,text,game_t00398,game_s00011,リリア,「…\w…\wそうね」,「……是啊」,自动修正,
400,020_UAF_DAY91_01.egpack,020_UAF_DAY91_01.xml,020_UAF_DAY91_01,380,1,text,game_t00399,,,これでとりあえず一安心だ。後は強化装備が面倒を見てくれる。…\w…\w強化装備で逃げてきててくれて助かったぜ。,这样暂时就放心了。之后强化装备会处理的。……多亏了强化装备逃过来，真是帮了大忙。,OK,
