seq,id,file,scene,speaker,jp,cn_current,cn_revised,status,issue_type,reason,needs_user_decision,term_hits,context_note,prev_context,next_context,review_model,prompt_mode
412,game_t00411,020_UAF_DAY91_01.egpack,020_UAF_DAY91_01,,前には少尉で後ろには隊長。後門の狼もいいとこだ…\w…\w。,前有少尉后有队长。后门狼也不过如此……,前有少尉，后有队长。真是前门有虎后门有狼……。,自动修正,二次复核修正,Codex逐槽位二次复核：按JP和上下文确认当前译文需修正。,no,隊長=>队长; 少尉=>少尉, | Codex confirmed and applied. | Codex confirmed and applied.,409 ウィル JP:「な、\wナイヴス２了解！　無線が不明瞭でした」 CN:「啊，黑刃2了解！无线电不清楚」 || 410 ダリル JP:「ほう。便利な無線だなウィル坊」 CN:「嚯。真是方便的无线啊，威尔小子」 || 411 ウィル JP:「は――。ま、\wまったく持って無線は便利であります」 CN:「哈——真、真是的，无线电真是方便啊。」,413 リリア JP:「…\w…\w…\w…\w？」 CN:「…………？」 || 414 旁白 JP:調子狂うな…\w…\w。 CN:状态不对劲…… || 415 旁白 JP:そもそも俺、\wこんなに女に免疫なかったか？　ここまでこんな状況だったからかもしれないけどさ…\w…\w。 CN:说起来，我本来对女人就这么没免疫力吗？可能是因为一直处于这种状况吧……,deepseek-v4-flash,slot-by-slot-second-review-jp-primary-no-en-thinking-disabled
419,game_t00418,020_UAF_DAY91_01.egpack,020_UAF_DAY91_01,,…\w…\w前言訂正。俺の免疫じゃなくて、\w隊長がこうだから無駄に意識させられてんだ、\wこりゃ。,……前言订正。不是我的免疫，而是因为队长这样，才让我白白意识到，真是的。,……前言订正。不是我有抵抗力，而是因为队长这样，才害我白白在意起来了。,自动修正,二次复核修正,Codex逐槽位二次复核：按JP和上下文确认当前译文需修正。,no,隊長=>队长,JP中'免疫'可能指对某种话题或刺激的抵抗力，而非医学免疫。 | Codex confirmed and applied. | Codex confirmed and applied.,416 ダリル JP:「いいかウィル。お嬢ちゃんの身体が弱ってるのは間違いない。丁寧に飛べよ。それこそ女の身体を――」 CN:「听好了威尔。大小姐的身体确实很虚弱。要小心地飞。就像对待女人的身体一样——」 || 417 ウィル JP:「――ナイヴス２了解！　発進しましょうか隊長！」 CN:「――黑刃2了解！　出发吧队长！」 || 418 旁白 JP:だから何でそういうことを言い出すんだこの人は！ CN:所以这个人为什么突然说这种话！,420 旁白 JP:まったく、\w相手は遭難してきた女の子だぞ？　不謹慎を煽ってどうすんだか…\w…\w。 CN:真是的，对方可是遇难的女孩子啊？煽动不谨慎怎么行…… || 421 ダリル JP:「あっはっは！　ウィル坊、\w楽しいフライトになりそうだな！」 CN:「啊哈哈！威尔小子，看来会是一次愉快的飞行呢！」 || 422 リリア JP:「…\w…\w…\w…\w」 CN:「…………」,deepseek-v4-flash,slot-by-slot-second-review-jp-primary-no-en-thinking-disabled
420,game_t00419,020_UAF_DAY91_01.egpack,020_UAF_DAY91_01,,まったく、\w相手は遭難してきた女の子だぞ？　不謹慎を煽ってどうすんだか…\w…\w。,真是的，对方可是遇难的女孩子啊？煽动不谨慎怎么行……,真是的，对方可是遇难的女孩子啊？煽动这种不谨慎干什么……。,自动修正,二次复核修正,Codex逐槽位二次复核：按JP和上下文确认当前译文需修正。,no,女の子=>女孩, | Codex confirmed and applied. | Codex confirmed and applied.,417 ウィル JP:「――ナイヴス２了解！　発進しましょうか隊長！」 CN:「――黑刃2了解！　出发吧队长！」 || 418 旁白 JP:だから何でそういうことを言い出すんだこの人は！ CN:所以这个人为什么突然说这种话！ || 419 旁白 JP:…\w…\w前言訂正。俺の免疫じゃなくて、\w隊長がこうだから無駄に意識させられてんだ、\wこりゃ。 CN:……前言订正。不是我的免疫，而是因为队长这样，才让我白白意识到，真是的。,421 ダリル JP:「あっはっは！　ウィル坊、\w楽しいフライトになりそうだな！」 CN:「啊哈哈！威尔小子，看来会是一次愉快的飞行呢！」 || 422 リリア JP:「…\w…\w…\w…\w」 CN:「…………」 || 423 リリア JP:「…\w…\w…\w…\w」 CN:「…………」,deepseek-v4-flash,slot-by-slot-second-review-jp-primary-no-en-thinking-disabled
426,game_t00425,020_UAF_DAY91_01.egpack,020_UAF_DAY91_01,,無言…\w…\wだな…\w…\w。,无言……啊……,真是一言不发……啊……。,自动修正,二次复核修正,Codex逐槽位二次复核：按JP和上下文确认当前译文需修正。,no,,JP原文为'無言…\w…\wだな…\w…\w。'，其中'だな'表示感叹，当前CN缺少对应。 | Codex confirmed and applied. | Codex confirmed and applied.,423 リリア JP:「…\w…\w…\w…\w」 CN:「…………」 || 424 旁白 JP:…\w…\w…\w…\w。 CN:…………。 || 425 旁白 JP:…\w…\w…\w…\w。 CN:…………。,427 旁白 JP:こういう時は話しかけた方がいいんだっけ…\w…\wでも何を話したらいいんだ？ CN:这种时候应该主动搭话吗……但是该说什么好呢？ || 428 旁白 JP:…\w…\w…\w…\w。 CN:…………。 || 429 旁白 JP:金髪だ…\w…\w。 CN:金发……,deepseek-v4-flash,slot-by-slot-second-review-jp-primary-no-en-thinking-disabled
433,game_t00432,020_UAF_DAY91_01.egpack,020_UAF_DAY91_01,リリア,「…\w…\wが…\w…\wろい…\w…\w」,「……好……黑……」,「……好……白……」,自动修正,二次复核修正,Codex逐槽位二次复核：按JP和上下文确认当前译文需修正。,no,,JP原文包含假名，无法直接解析，当前CN可能正确，但需用户确认。 | Codex confirmed and applied. | Codex confirmed and applied.,430 旁白 JP:…\w…\w…\w…\w。 CN:…………。 || 431 旁白 JP:頭小さいな…\w…\w。 CN:头真小啊…… || 432 旁白 JP:…\w…\w…\w…\w。 CN:…………。,434 ウィル JP:「…\w…\w？　何か言ったか？」 CN:「……？你说了什么？」 || 435 リリア JP:「…\w…\w…\w…\w」 CN:「…………」 || 436 ウィル JP:「…\w…\w？」 CN:「……？」,deepseek-v4-flash,slot-by-slot-second-review-jp-primary-no-en-thinking-disabled
440,game_t00439,020_UAF_DAY91_01.egpack,020_UAF_DAY91_01,リリア,「…\w…\w一面、\w真っ白じゃない。不思議な眺め…\w…\w」,「……一面，不是纯白。不可思议的景色……」,「……一片纯白啊。不可思议的景色……」,自动修正,二次复核修正,Codex逐槽位二次复核：按JP和上下文确认当前译文需修正。,no,,Lilia刚苏醒，看到白色天空或雪景，表达惊叹。 | Codex confirmed and applied. | Codex confirmed and applied.,437 旁白 JP:…\w…\wなんだ？　何か言ってたよな。 CN:……什么？你刚才说了什么吧。 || 438 リリア JP:「…\w…\wが白い」 CN:「……是白色的」 || 439 ウィル JP:「え――？」 CN:「诶——？」,441 ウィル JP:「――！　ああそうだな…\w…\w！」 CN:「——！啊啊，是啊……！」 || 442 旁白 JP:そうか、\wこいつ漂流してたんだよな。 CN:是吗，这家伙在漂流啊。 || 443 旁白 JP:陸地の状況を知らないのも無理はない。 CN:不知道陆地的情况也是情有可原的。,deepseek-v4-flash,slot-by-slot-second-review-jp-primary-no-en-thinking-disabled
527,game_t00526,020_UAF_DAY91_01.egpack,020_UAF_DAY91_01,リリア,「あれが…\w…\w」,「「那是……」,「那是……」,自动修正,二次复核修正,Codex逐槽位二次复核：按JP和上下文确认当前译文需修正。,no,,JP原文为「あれが…\w…\w」，CN应保留省略号，当前CN缺少一个省略号。 | Codex confirmed and applied. | Codex confirmed and applied.,524 リリア JP:「１時――」 CN:「1时——」 || 525 ウィル JP:「ほら――」 CN:「你看――」 || 526 リリア JP:「…\w…\w…\w…\w！」 CN:「…………！」,528 旁白 JP:合衆国の力の象徴にして、\wかつてＢＥＴＡに抗した人類の希望。 CN:合众国的力量象征，曾经对抗BETA的人类的希望。 || 529 旁白 JP:そして今、\w海と塩しかないこの枯れ果てた世界で、\w唯一俺たちが安心して眠れる場所―― CN:然后现在，在这个只有海和盐的枯竭世界里，唯一能让我们安心入睡的地方—— || 530 ウィル JP:「あれが、\w俺達の家だ」 CN:「那就是我们的家」,deepseek-v4-flash,slot-by-slot-second-review-jp-primary-no-en-thinking-disabled
554,game_t00553,020_UAF_DAY91_01.egpack,020_UAF_DAY91_01,,…\w…\wっと。,……喂。,……好。,自动修正,二次复核修正,Codex逐槽位二次复核：按JP和上下文确认当前译文需修正。,no,,JP原文是旁白在发现某人睡着后的轻微感叹，不是呼唤。 | Codex confirmed and applied. | Codex confirmed and applied.,551 旁白 JP:…\w…\wああ、\w寝てる、\wのか…\w…\w。 CN:……啊啊，睡着了，吗…… || 552 旁白 JP:船を見て安心したんだろうな。…\w…\wよかった。 CN:看到船就安心了吧。……太好了。 || 553 ＪＦＫオペレーター JP:「ナイヴス２、\w着艦を許可する」 CN:「黑刃2，允许着舰」,555 ウィル JP:「着艦許可了解」 CN:「着舰许可收到」 || 556 旁白 JP:起こすのもかわいそうだ。 CN:叫醒他也挺可怜的。 || 557 旁白 JP:…\w…\w仕方がない。女を扱うように繊細に――か。 CN:……没办法。像对待女人一样细腻——吗。,deepseek-v4-flash,slot-by-slot-second-review-jp-primary-no-en-thinking-disabled
563,game_t00562,030_UAF_DAY93_01.egpack,030_UAF_DAY93_01,ウィル,「失礼します。ウィルバート・コリンズ少尉、\wシェルベリ少尉を迎えに上がりました」,「失礼了。我是来接威尔伯特·柯林斯少尉和谢尔贝里少尉的」,「失礼了。威尔伯特·柯林斯少尉，前来接谢尔贝里少尉。」,自动修正,二次复核修正,Codex逐槽位二次复核：按JP和上下文确认当前译文需修正。,no,ウィルバート・コリンズ=>威尔伯特·柯林斯; シェルベリ=>谢尔贝里; コリンズ=>柯林斯; ウィル=>威尔; 少尉=>少尉, | Codex confirmed and applied. | Codex confirmed and applied.,560 旁白 JP:…\w…\wただいま、\wＪＦＫ。 CN:……我回来了，JFK。 || 561 旁白 JP:セクションＭ－４、\wＭ－４…\w…\wと。 CN:M-4区段，M-4……吧。 || 562 旁白 JP:…\w…\w医療エリアなんて滅多に来ないからな。どっちだったか…\w…\w？ CN:……医疗区域什么的很少来啊。是哪边来着……？,564 軍医 JP:「ああ、\w話は聞いているわ。彼女なら第２療養区画よ。そこを真っ直ぐ行って右ね」 CN:「啊，我听说了。她在第二疗养区。直走然后右转。」 || 565 ウィル JP:「了解です。ありがとうございます」 CN:「了解。谢谢」 || 566 旁白 JP:救助されたあの日と、\w昨日一日寝込んだだけで一応復活か…\w…\w。 CN:被救助的那天和昨天躺了一天就基本复活了……,deepseek-v4-flash,slot-by-slot-second-review-jp-primary-no-en-thinking-disabled
565,game_t00564,030_UAF_DAY93_01.egpack,030_UAF_DAY93_01,ウィル,「了解です。ありがとうございます」,「了解。谢谢」,「了解。非常感谢。」,自动修正,二次复核修正,Codex逐槽位二次复核：按JP和上下文确认当前译文需修正。,no,,ウィル对军医的回应，应保持敬语礼貌。 | Codex confirmed and applied. | Codex confirmed and applied.,562 旁白 JP:…\w…\w医療エリアなんて滅多に来ないからな。どっちだったか…\w…\w？ CN:……医疗区域什么的很少来啊。是哪边来着……？ || 563 ウィル JP:「失礼します。ウィルバート・コリンズ少尉、\wシェルベリ少尉を迎えに上がりました」 CN:「失礼了。我是来接威尔伯特·柯林斯少尉和谢尔贝里少尉的」 || 564 軍医 JP:「ああ、\w話は聞いているわ。彼女なら第２療養区画よ。そこを真っ直ぐ行って右ね」 CN:「啊，我听说了。她在第二疗养区。直走然后右转。」,566 旁白 JP:救助されたあの日と、\w昨日一日寝込んだだけで一応復活か…\w…\w。 CN:被救助的那天和昨天躺了一天就基本复活了…… || 567 旁白 JP:ま、\wこういうときこそ、\w海兵隊員の基礎体力が利いてくるってことだな。 CN:嘛，这种时候，海军陆战队员的基础体力就派上用场了。 || 568 旁白 JP:…\w…\wにしても…\w…\w。 CN:……虽说……,deepseek-v4-flash,slot-by-slot-second-review-jp-primary-no-en-thinking-disabled
566,game_t00565,030_UAF_DAY93_01.egpack,030_UAF_DAY93_01,,救助されたあの日と、\w昨日一日寝込んだだけで一応復活か…\w…\w。,被救助的那天和昨天躺了一天就基本复活了……,被救助的那天和昨天躺了一整天，就姑且恢复了吗……。,自动修正,二次复核修正,Codex逐槽位二次复核：按JP和上下文确认当前译文需修正。,no,, | Codex confirmed and applied. | Codex confirmed and applied.,563 ウィル JP:「失礼します。ウィルバート・コリンズ少尉、\wシェルベリ少尉を迎えに上がりました」 CN:「失礼了。我是来接威尔伯特·柯林斯少尉和谢尔贝里少尉的」 || 564 軍医 JP:「ああ、\w話は聞いているわ。彼女なら第２療養区画よ。そこを真っ直ぐ行って右ね」 CN:「啊，我听说了。她在第二疗养区。直走然后右转。」 || 565 ウィル JP:「了解です。ありがとうございます」 CN:「了解。谢谢」,567 旁白 JP:ま、\wこういうときこそ、\w海兵隊員の基礎体力が利いてくるってことだな。 CN:嘛，这种时候，海军陆战队员的基础体力就派上用场了。 || 568 旁白 JP:…\w…\wにしても…\w…\w。 CN:……虽说…… || 569 旁白 JP:ここに入院している奴も少なくなったな…\w…\w。 CN:在这里住院的家伙也变少了啊……,deepseek-v4-flash,slot-by-slot-second-review-jp-primary-no-en-thinking-disabled
598,game_t00597,030_UAF_DAY93_01.egpack,030_UAF_DAY93_01,,…\w…\wしかし、\wだ。,……但是，啊。,……不过。,自动修正,二次复核修正,Codex逐槽位二次复核：按JP和上下文确认当前译文需修正。,no,, | Codex confirmed and applied. | Codex confirmed and applied.,595 リリア JP:「へえ…\w…\w？」 CN:「欸……？」 || 596 旁白 JP:やっぱり母艦付きじゃないと知らないモンなんだな…\w…\w。 CN:果然没有母舰的话就不知道啊…… || 597 旁白 JP:たしかに前線じゃ寝床どころか風呂すら同じって話があるぐらいだし、\wあの程度は日常茶飯事ってことか。 CN:确实有说法称在前线别说床铺了连洗澡都是共用的，那种程度算是家常便饭吧。,599 ウィル JP:「その、\w何て言うんですか、\w男女の揉め事が起きても逃げ場がないわけですよ、\w長期間の洋上だと」 CN:「那个，怎么说呢，就算发生男女纠纷也没有逃跑的地方，长期在海上就是这样。」 || 600 ウィル JP:「陸上ならいくらでも隔離したり配置転換したりできますけどね。だから未然に防ぐための必要措置ってヤツです」 CN:「陆地上的话，无论多少都可以隔离或调换配置。所以这是为了防患于未然的必要措施。」 || 601 リリア JP:「なるほどねー。ま、\wおいおい慣れることにするわ」 CN:「原来如此啊。嘛，慢慢习惯吧。」,deepseek-v4-flash,slot-by-slot-second-review-jp-primary-no-en-thinking-disabled
645,game_t00644,030_UAF_DAY93_01.egpack,030_UAF_DAY93_01,リリア,「いくら停泊してるっていっても、\w船の上でしょう？　さすが大型正規母艦ってコトなのかもしれないけど、\w湯船まで全然揺れないなんて」,「就算停泊着，也是在船上吧？虽然也许这就是大型正规母舰，但连浴缸都完全不摇晃。」,「就算停泊着，也是在船上吧？虽然也许这就是大型正规母舰吧，但连浴缸都完全不摇晃。」,自动修正,二次复核修正,Codex逐槽位二次复核：按JP和上下文确认当前译文需修正。,no,かもしれない=>也许; 母艦=>母舰,JP原文中「大型正規母艦」是完整术语，当前CN漏译“正規”的“正规”含义，但“正規母艦”在中文中通常译为“正规母舰”，故补充“吧”以完善语气。 | Codex confirmed and applied. | Codex confirmed and applied.,642 ウィル JP:「あ、\wあはは。そりゃ良かったな」 CN:「啊，啊哈哈。那太好了」 || 643 リリア JP:「…\w…\wでも、\wホント動かないのね」 CN:「……不过，真的不动呢」 || 644 ウィル JP:「え？\w　何が？」 CN:「诶？什么？」,646 旁白 JP:あ、\wそういうことか。意外と気づかないモンなんだな。 CN:啊，原来是这么回事。还真是容易忽略呢。 || 647 ウィル JP:「ああ、\wもちろん母艦の安定性は元々抜群だけど…\w…\w」 CN:「啊，当然母舰的稳定性原本就非常出色……」 || 648 ウィル JP:「多分この後説明があるけど、\wＪＦＫは座礁してるんだよ。浅瀬だし、\w苦労して水平取ったから見た目には気づかなかったろうけど」 CN:「大概之后会有说明，JFK搁浅了。因为是浅滩，费了好大劲才保持水平，所以从外观上可能没注意到。」,deepseek-v4-flash,slot-by-slot-second-review-jp-primary-no-en-thinking-disabled
662,game_t00661,030_UAF_DAY93_01.egpack,030_UAF_DAY93_01,リリア,「大丈夫。その辺はさすがに揚陸艦と一緒よ」,「没关系。这方面果然和登陆舰一样啊」,「没关系。这方面毕竟和登陆舰一样嘛。」,自动修正,二次复核修正,Codex逐槽位二次复核：按JP和上下文确认当前译文需修正。,no,,前文ウィル担心迟到，リリア安慰说速度慢是登陆舰的特性，所以用‘さすがに’表示‘毕竟是’ | Codex confirmed and applied. | Codex confirmed and applied.,659 旁白 JP:気が利かないだの何だのは、\w言い訳に\nならないしな…\w…\w。 CN:不机灵什么的，不能成为借口…… || 660 ウィル JP:「っと、\wちょっと急がないとまずいな。階段、\w急だから気をつけて」 CN:「啊，不快点走的话就糟了。楼梯很陡，小心点」 || 661 旁白 JP:これで遅れたら隊長に何を言われることやら。…\w…\wそれも、\w主にからかわれる方向でだ。 CN:要是因为这个迟到了，不知道会被队长说什么呢。……而且，主要是被取笑的那种。,663 ウィル JP:「そういやそうか。じゃ、\w遠慮なく海軍流の早足で」 CN:「说起来也是。那我就不客气地用海军流的快步了。」 || 664 リリア JP:「了解っ！」 CN:「了解！」 || 665 ダリル JP:「総員気をつけッ！」 CN:「全员立正！」,deepseek-v4-flash,slot-by-slot-second-review-jp-primary-no-en-thinking-disabled
668,game_t00667,030_UAF_DAY93_01.egpack,030_UAF_DAY93_01,オールストン准将,「本艦の艦長を務めるジョージ・オールストン\n准将である」,「本舰的舰长是乔治·奥尔斯顿准将」,「稍息吧」,自动修正,二次复核修正,Codex逐槽位二次复核：按JP和上下文确认当前译文需修正。,no,ジョージ・オールストン=>乔治·奥尔斯顿; 艦長=>舰长; 准将=>准将, | Codex confirmed and applied. | Codex confirmed and applied.,665 ダリル JP:「総員気をつけッ！」 CN:「全员立正！」 || 666 リリア JP:「海兵隊第５３６戦術歩行戦闘機隊、\wリリア・シェルベリ少尉であります」 CN:「海军陆战队第536战术步行战斗机队、莉莉娅·谢尔贝里少尉」 || 667 オールストン准将 JP:「楽にしたまえ」 CN:「请放松」,669 オールストン准将 JP:「現在、\wジョン・Ｆ・ケネディ母艦打撃群司令、\w並びにこのケネディ海軍駐留拠点司令を兼任している」 CN:「现在，兼任约翰·F·肯尼迪母舰打击群司令，以及这个肯尼迪海军驻留据点司令」 || 670 オールストン准将 JP:「リリア・シェルベリ少尉」 CN:「莉莉娅·谢尔贝里少尉」 || 671 リリア JP:「――は」 CN:「「――是」,deepseek-v4-flash,slot-by-slot-second-review-jp-primary-no-en-thinking-disabled
670,game_t00669,030_UAF_DAY93_01.egpack,030_UAF_DAY93_01,オールストン准将,「リリア・シェルベリ少尉」,「莉莉娅·谢尔贝里少尉」,「我现在兼任约翰·F·肯尼迪母舰打击群司令，以及肯尼迪海军驻留据点司令。」,自动修正,二次复核修正,Codex逐槽位二次复核：按JP和上下文确认当前译文需修正。,no,リリア・シェルベリ=>莉莉娅·谢尔贝里; リリア・シェル=>莉莉娅·谢尔; シェルベリ=>谢尔贝里; リリア=>莉莉娅; 少尉=>少尉, | Codex confirmed and applied. | Codex confirmed and applied.,667 オールストン准将 JP:「楽にしたまえ」 CN:「请放松」 || 668 オールストン准将 JP:「本艦の艦長を務めるジョージ・オールストン\n准将である」 CN:「本舰的舰长是乔治·奥尔斯顿准将」 || 669 オールストン准将 JP:「現在、\wジョン・Ｆ・ケネディ母艦打撃群司令、\w並びにこのケネディ海軍駐留拠点司令を兼任している」 CN:「现在，兼任约翰·F·肯尼迪母舰打击群司令，以及这个肯尼迪海军驻留据点司令」,671 リリア JP:「――は」 CN:「「――是」 || 672 オールストン准将 JP:「まずは、\w貴官の生還に敬意を表す」 CN:「首先，对您的生还表示敬意。」 || 673 オールストン准将 JP:「あの大災害――『大海崩』をよくぞ生き延びた」 CN:「那场大灾害——『大海崩』你竟然活下来了」,deepseek-v4-flash,slot-by-slot-second-review-jp-primary-no-en-thinking-disabled
671,game_t00670,030_UAF_DAY93_01.egpack,030_UAF_DAY93_01,リリア,「――は」,「「――是」,「——是」,自动修正,二次复核修正,Codex逐槽位二次复核：按JP和上下文确认当前译文需修正。,no,,リリア刚被叫到名字，可能正要回应但被打断，故用破折号表示语气中断。 | Codex confirmed and applied. | Codex confirmed and applied.,668 オールストン准将 JP:「本艦の艦長を務めるジョージ・オールストン\n准将である」 CN:「本舰的舰长是乔治·奥尔斯顿准将」 || 669 オールストン准将 JP:「現在、\wジョン・Ｆ・ケネディ母艦打撃群司令、\w並びにこのケネディ海軍駐留拠点司令を兼任している」 CN:「现在，兼任约翰·F·肯尼迪母舰打击群司令，以及这个肯尼迪海军驻留据点司令」 || 670 オールストン准将 JP:「リリア・シェルベリ少尉」 CN:「莉莉娅·谢尔贝里少尉」,672 オールストン准将 JP:「まずは、\w貴官の生還に敬意を表す」 CN:「首先，对您的生还表示敬意。」 || 673 オールストン准将 JP:「あの大災害――『大海崩』をよくぞ生き延びた」 CN:「那场大灾害——『大海崩』你竟然活下来了」 || 674 オールストン准将 JP:「貴官が今この場所にいる事、\wその事実こそが、\w『ブルーオーシャン作戦』における貴官の勇敢を示すものに他ならない」 CN:「贵官现在身处此地这一事实，正是贵官在‘蓝海作战’中勇敢的体现」,deepseek-v4-flash,slot-by-slot-second-review-jp-primary-no-en-thinking-disabled
673,game_t00672,030_UAF_DAY93_01.egpack,030_UAF_DAY93_01,オールストン准将,「あの大災害――『大海崩』をよくぞ生き延びた」,「那场大灾害——『大海崩』你竟然活下来了」,「你能从那场大灾害——『大海崩』中幸存下来。」,自动修正,二次复核修正,Codex逐槽位二次复核：按JP和上下文确认当前译文需修正。,no,大海崩=>大海崩, | Codex confirmed and applied. | Codex confirmed and applied.,670 オールストン准将 JP:「リリア・シェルベリ少尉」 CN:「莉莉娅·谢尔贝里少尉」 || 671 リリア JP:「――は」 CN:「「――是」 || 672 オールストン准将 JP:「まずは、\w貴官の生還に敬意を表す」 CN:「首先，对您的生还表示敬意。」,674 オールストン准将 JP:「貴官が今この場所にいる事、\wその事実こそが、\w『ブルーオーシャン作戦』における貴官の勇敢を示すものに他ならない」 CN:「贵官现在身处此地这一事实，正是贵官在‘蓝海作战’中勇敢的体现」 || 675 リリア JP:「は！　ありがとうございます」 CN:「哈！非常感谢」 || 676 旁白 JP:誇張ではなく、\wまったくの事実だ…\w…\w。 CN:毫不夸张，完全是事实……,deepseek-v4-flash,slot-by-slot-second-review-jp-primary-no-en-thinking-disabled
675,game_t00674,030_UAF_DAY93_01.egpack,030_UAF_DAY93_01,リリア,「は！　ありがとうございます」,「哈！非常感谢」,「是！非常感谢。」,自动修正,二次复核修正,Codex逐槽位二次复核：按JP和上下文确认当前译文需修正。,no,, | Codex confirmed and applied. | Codex confirmed and applied.,672 オールストン准将 JP:「まずは、\w貴官の生還に敬意を表す」 CN:「首先，对您的生还表示敬意。」 || 673 オールストン准将 JP:「あの大災害――『大海崩』をよくぞ生き延びた」 CN:「那场大灾害——『大海崩』你竟然活下来了」 || 674 オールストン准将 JP:「貴官が今この場所にいる事、\wその事実こそが、\w『ブルーオーシャン作戦』における貴官の勇敢を示すものに他ならない」 CN:「贵官现在身处此地这一事实，正是贵官在‘蓝海作战’中勇敢的体现」,676 旁白 JP:誇張ではなく、\wまったくの事実だ…\w…\w。 CN:毫不夸张，完全是事实…… || 677 旁白 JP:生き延びただけでも、\w英雄になれる――あの大海崩はそれぐらいの大災害だった。 CN:仅仅活下来，就能成为英雄——那次大海崩就是那么大的灾难。 || 678 オールストン准将 JP:「追って説明するが、\w現在我々は、\w未だ本国との連絡に成功していない。すなわち、\wブルーオーシャン作戦は今なお継続中ということである」 CN:「追后说明，目前我们尚未成功与本国取得联系。也就是说，蓝海作战仍在继续中」,deepseek-v4-flash,slot-by-slot-second-review-jp-primary-no-en-thinking-disabled
678,game_t00677,030_UAF_DAY93_01.egpack,030_UAF_DAY93_01,オールストン准将,「追って説明するが、\w現在我々は、\w未だ本国との連絡に成功していない。すなわち、\wブルーオーシャン作戦は今なお継続中ということである」,「追后说明，目前我们尚未成功与本国取得联系。也就是说，蓝海作战仍在继续中」,「稍后说明，目前我们尚未成功与本国取得联系。也就是说，蓝海作战仍在继续中。」,自动修正,二次复核修正,Codex逐槽位二次复核：按JP和上下文确认当前译文需修正。,no,ブルーオーシャン作戦=>蓝海作战; ブルーオーシャン=>蓝海; 本国=>本国, | Codex confirmed and applied. | Codex confirmed and applied.,675 リリア JP:「は！　ありがとうございます」 CN:「哈！非常感谢」 || 676 旁白 JP:誇張ではなく、\wまったくの事実だ…\w…\w。 CN:毫不夸张，完全是事实…… || 677 旁白 JP:生き延びただけでも、\w英雄になれる――あの大海崩はそれぐらいの大災害だった。 CN:仅仅活下来，就能成为英雄——那次大海崩就是那么大的灾难。,679 オールストン准将 JP:「この状況下にあって、\w我々は多くの欠員を出しており、\w一人でも多くの人員を欲している」 CN:「在这种状况下，我们有很多空缺，需要尽可能多的人员。」 || 680 オールストン准将 JP:「よって、\w本国からの指揮系統が回復するまでの間、\wリリア・シェルベリ少尉を本艦海兵隊に編入する」 CN:「因此，在本国指挥系统恢复之前，将莉莉娅·谢尔贝里少尉编入本舰海军陆战队。」 || 681 オールストン准将 JP:「この編入に対し異議がある場合、\w現状況終了後に文書で提出するように。何か問題はあるかね」 CN:「对于这次编入如有异议，请在现状结束后以书面形式提出。有什么问题吗？」,deepseek-v4-flash,slot-by-slot-second-review-jp-primary-no-en-thinking-disabled
692,game_t00691,030_UAF_DAY93_01.egpack,030_UAF_DAY93_01,オールストン准将,「本艦…\w…\wＣＶＮ－６７『ジョン・Ｆ・ケネディ』は、\w僚艦の『ニミッツ』と共に母艦打撃群を編成し、\w鉄原ハイヴ攻略部隊として日本海に展開していた」,「本舰……CVN-67‘约翰·F·肯尼迪’是，与僚舰‘尼米兹’一起编成母舰打击群，作为铁原HIVE攻略部队在日本海展开的」,「本舰……CVN-67『约翰·F·肯尼迪』，曾与僚舰『尼米兹』一同组成母舰打击群，作为铁原HIVE攻略部队部署在日本海。」,自动修正,二次复核修正,Codex逐槽位二次复核：按JP和上下文确认当前译文需修正。,no,ジョン・Ｆ・ケネディ=>约翰·F·肯尼迪; ＣＶＮ－６７=>CVN-67; ケネディ=>肯尼迪; ニミッツ=>尼米兹; 攻略部隊=>攻略部队; ハイヴ=>HIVE; 部隊=>部队; 母艦=>母舰, | Codex confirmed and applied. | Codex confirmed and applied.,689 オールストン准将 JP:「ならば、\w第三次作戦用の上陸部隊で間違いはないな？」 CN:「那么，用于第三次作战的登陆部队就没错了？」 || 690 リリア JP:「は」 CN:「是」 || 691 オールストン准将 JP:「よろしい。ならば、\wバビロン作戦について特に説明の必要はないものとして進める」 CN:「好。那么，关于巴比伦作战就没有必要特别说明了，继续吧」,693 オールストン准将 JP:「ブルーオーシャン作戦発動後、\w国連軍ヨコハマ基地に寄港して物資と人員を積載」 CN:「蓝海作战发动后，在联合国军横滨基地停靠装载物资和人员」 || 694 オールストン准将 JP:「フリゲート艦『ヴァンデグリフト』とハワイを目指したが、\wウェーク島北北東で大海崩に伴う超規模津波に遭遇。直衛艦を失った」 CN:「护卫舰‘范德格里夫特’和夏威夷为目标，但在威克岛北北东遭遇伴随大海崩的超大规模海啸。失去了直卫舰」 || 695 オールストン准将 JP:「人員・装備の被害状況のほとんどは、\wこのブルーオーシャン作戦の大津波の際に生じた」 CN:「人员、装备的大部分损失，都是在这次蓝海作战的大海啸中发生的」,deepseek-v4-flash,slot-by-slot-second-review-jp-primary-no-en-thinking-disabled
694,game_t00693,030_UAF_DAY93_01.egpack,030_UAF_DAY93_01,オールストン准将,「フリゲート艦『ヴァンデグリフト』とハワイを目指したが、\wウェーク島北北東で大海崩に伴う超規模津波に遭遇。直衛艦を失った」,「护卫舰‘范德格里夫特’和夏威夷为目标，但在威克岛北北东遭遇伴随大海崩的超大规模海啸。失去了直卫舰」,「本舰原本与护卫舰『范德格里夫特』一同以夏威夷为目标前进，但在威克岛北北东遭遇伴随大海崩而来的超大规模海啸，失去了直卫舰。」,自动修正,二次复核修正,Codex逐槽位二次复核：按JP和上下文确认当前译文需修正。,no,ハワイ=>夏威夷; 大海崩=>大海崩, | Codex confirmed and applied. | Codex confirmed and applied.,691 オールストン准将 JP:「よろしい。ならば、\wバビロン作戦について特に説明の必要はないものとして進める」 CN:「好。那么，关于巴比伦作战就没有必要特别说明了，继续吧」 || 692 オールストン准将 JP:「本艦…\w…\wＣＶＮ－６７『ジョン・Ｆ・ケネディ』は、\w僚艦の『ニミッツ』と共に母艦打撃群を編成し、\w鉄原ハイヴ攻略部隊として日本海に展開していた」 CN:「本舰……CVN-67‘约翰·F·肯尼迪’是，与僚舰‘尼米兹’一起编成母舰打击群，作为铁原HIVE攻略部队在日本海展开的」 || 693 オールストン准将 JP:「ブルーオーシャン作戦発動後、\w国連軍ヨコハマ基地に寄港して物資と人員を積載」 CN:「蓝海作战发动后，在联合国军横滨基地停靠装载物资和人员」,695 オールストン准将 JP:「人員・装備の被害状況のほとんどは、\wこのブルーオーシャン作戦の大津波の際に生じた」 CN:「人员、装备的大部分损失，都是在这次蓝海作战的大海啸中发生的」 || 696 オールストン准将 JP:「本日時点での本艦乗員数は２１９２名。これは、\w作業可能な軽傷者を含む」 CN:「本日时点本舰乘员数为2192名。这包括可作业的轻伤者。」 || 697 オールストン准将 JP:「死傷者は約１０００名近い。特に、\w艦橋構造物と格納庫内で作業を行っていた兵員に被害が集中している」 CN:「死伤者接近约1000名。特别是在舰桥构造物和机库内进行作业的士兵伤亡集中。」,deepseek-v4-flash,slot-by-slot-second-review-jp-primary-no-en-thinking-disabled
696,game_t00695,030_UAF_DAY93_01.egpack,030_UAF_DAY93_01,オールストン准将,「本日時点での本艦乗員数は２１９２名。これは、\w作業可能な軽傷者を含む」,「本日时点本舰乘员数为2192名。这包括可作业的轻伤者。」,「截至今日，本舰乘员数为2192名。其中包括可作业的轻伤者。」,自动修正,二次复核修正,Codex逐槽位二次复核：按JP和上下文确认当前译文需修正。,no,, | Codex confirmed and applied. | Codex confirmed and applied.,693 オールストン准将 JP:「ブルーオーシャン作戦発動後、\w国連軍ヨコハマ基地に寄港して物資と人員を積載」 CN:「蓝海作战发动后，在联合国军横滨基地停靠装载物资和人员」 || 694 オールストン准将 JP:「フリゲート艦『ヴァンデグリフト』とハワイを目指したが、\wウェーク島北北東で大海崩に伴う超規模津波に遭遇。直衛艦を失った」 CN:「护卫舰‘范德格里夫特’和夏威夷为目标，但在威克岛北北东遭遇伴随大海崩的超大规模海啸。失去了直卫舰」 || 695 オールストン准将 JP:「人員・装備の被害状況のほとんどは、\wこのブルーオーシャン作戦の大津波の際に生じた」 CN:「人员、装备的大部分损失，都是在这次蓝海作战的大海啸中发生的」,697 オールストン准将 JP:「死傷者は約１０００名近い。特に、\w艦橋構造物と格納庫内で作業を行っていた兵員に被害が集中している」 CN:「死伤者接近约1000名。特别是在舰桥构造物和机库内进行作业的士兵伤亡集中。」 || 698 リリア JP:「…\w…\w…\w…\w！」 CN:「…………！」 || 699 旁白 JP:母艦経験のないリリアが驚くのも無理もない…\w…\w。 CN:没有母舰经验的莉莉娅会惊讶也是理所当然的……,deepseek-v4-flash,slot-by-slot-second-review-jp-primary-no-en-thinking-disabled
697,game_t00696,030_UAF_DAY93_01.egpack,030_UAF_DAY93_01,オールストン准将,「死傷者は約１０００名近い。特に、\w艦橋構造物と格納庫内で作業を行っていた兵員に被害が集中している」,「死伤者接近约1000名。特别是在舰桥构造物和机库内进行作业的士兵伤亡集中。」,「死伤者近1000名。尤其是在舰桥构造物和机库内作业的兵员，受害最为集中。」,自动修正,二次复核修正,Codex逐槽位二次复核：按JP和上下文确认当前译文需修正。,no,, | Codex confirmed and applied. | Codex confirmed and applied.,694 オールストン准将 JP:「フリゲート艦『ヴァンデグリフト』とハワイを目指したが、\wウェーク島北北東で大海崩に伴う超規模津波に遭遇。直衛艦を失った」 CN:「护卫舰‘范德格里夫特’和夏威夷为目标，但在威克岛北北东遭遇伴随大海崩的超大规模海啸。失去了直卫舰」 || 695 オールストン准将 JP:「人員・装備の被害状況のほとんどは、\wこのブルーオーシャン作戦の大津波の際に生じた」 CN:「人员、装备的大部分损失，都是在这次蓝海作战的大海啸中发生的」 || 696 オールストン准将 JP:「本日時点での本艦乗員数は２１９２名。これは、\w作業可能な軽傷者を含む」 CN:「本日时点本舰乘员数为2192名。这包括可作业的轻伤者。」,698 リリア JP:「…\w…\w…\w…\w！」 CN:「…………！」 || 699 旁白 JP:母艦経験のないリリアが驚くのも無理もない…\w…\w。 CN:没有母舰经验的莉莉娅会惊讶也是理所当然的…… || 700 旁白 JP:戦術機母艦の人員は、\w元々の母数がでかい。通常の艦に比べ、\w未だ回復に至らない重傷者や死者の数も桁違いになる。 CN:战术机母舰的人员，原本的基数就大。与普通舰船相比，尚未康复的重伤者和死者数量也相差一个数量级。,deepseek-v4-flash,slot-by-slot-second-review-jp-primary-no-en-thinking-disabled
725,game_t00724,030_UAF_DAY93_01.egpack,030_UAF_DAY93_01,オールストン准将,「以後、\w未だキングからの連絡は無い」,「以后，还没有来自国王号的联络」,「此后，仍然没有来自国王号的联络。」,自动修正,二次复核修正,Codex逐槽位二次复核：按JP和上下文确认当前译文需修正。,no,キング=>国王号,JP「未だ」表示「仍然」，当前CN漏译。前文已明确「キング」为驱逐舰名，术语统一。建议修正以准确传达原文时态。 | Codex confirmed and applied. | Codex confirmed and applied.,722 リリア JP:「…\w…\w…\w…\w」 CN:「…………」 || 723 オールストン准将 JP:「また本国及び国連司令部との連絡回復を目的とし、\w４艦の中でも最も損害が少なく、\w最新鋭艦でもあるズムウォルト級駆逐艦 『キング』を連絡艦に任命」 CN:「此外，为恢复与本国及联合国司令部的联络，任命4舰中受损最轻、同时也是最新锐舰的朱姆沃尔特级驱逐舰『国王号』为联络舰。」 || 724 オールストン准将 JP:「他艦に残存する燃料を集約し、\w先月１５日、\wブルーオーシャン作戦における集結予定地であるハワイ方面へと送り出した」 CN:「他舰残存燃料集中后，于上个月15日，送往蓝海作战预定集结地点的夏威夷方向」,726 リリア JP:「…\w…\w…\w…\w」 CN:「…………」 || 727 オールストン准将 JP:「他の艦については、\w乗員、\w装備の損耗が激しい為、\w艦の維持に必要な最低限の人員を除き、\w海岸沿いに設置した臨時キャンプに移動」 CN:「关于其他舰船，由于船员和装备损耗严重，除维持舰船所需的最低限度人员外，其余人员转移到沿海设置的临时营地。」 || 728 オールストン准将 JP:「一部人員については当母艦にも収容、\w現在に至る――という訳だ」 CN:「一部分人员由本母舰收容，直至现在——就是这么回事」,deepseek-v4-flash,slot-by-slot-second-review-jp-primary-no-en-thinking-disabled
771,game_t00770,030_UAF_DAY93_01.egpack,030_UAF_DAY93_01,,しかしこの反応、\w気づいてはいたんだな…\w…\wさっきから俺らしかいないし当然か。,但是这种反应，你注意到了啊……刚才开始就只有我们了，也是当然的吧。,不过，看她这种反应，看来她是注意到了啊……刚才开始就只有我们，也难怪。,自动修正,二次复核修正,Codex逐槽位二次复核：按JP和上下文确认当前译文需修正。,no,,旁白对莉莉娅说，指她注意到了某种反应。 | Codex confirmed and applied. | Codex confirmed and applied.,768 リリア JP:「…\w…\wはい」 CN:「……是」 || 769 旁白 JP:こういう時、\w隊長のストレートさは正直助かる。 CN:这种时候，队长的直率真是帮了大忙。 || 770 旁白 JP:でも、\wリリアにとっては応えづらいところだよな…\w…\w俺だって思い出すのは未だに辛い。 CN:但是，对莉莉娅来说，这是个难以回答的问题吧……连我现在回想起来都还很痛苦。,772 ダリル JP:「稼働機体は単座のＦ－１８Ｅが３機。リリアにも１機専任に乗ってもらうことになるね」 CN:「可动用的机体是3架单座F-18E。莉莉娅也要专门负责驾驶1架。」 || 773 リリア JP:「了解です」 CN:「了解。」 || 774 ダリル JP:「ちなみに、\w４機目は見事に中破、\w修理不能と判定されてるよ。大海崩で格納庫も随分とシェイクされちまったからね」 CN:「顺便一提，第4架被判定为中破、无法修理。因为大海崩，机库也受到了相当大的震动。」,deepseek-v4-flash,slot-by-slot-second-review-jp-primary-no-en-thinking-disabled
782,game_t00781,030_UAF_DAY93_01.egpack,030_UAF_DAY93_01,ウィル,「俺からも改めて、\wよろしくな」,「我也再次，请多关照」,「我也重新说一句，请多关照。」,自动修正,二次复核修正,Codex逐槽位二次复核：按JP和上下文确认当前译文需修正。,no,, | Codex confirmed and applied.,779 ダリル JP:「だからね、\wアタシゃアンタが加わってくれて嬉しいのさ」 CN:「所以说啊，我很高兴你能加入。」 || 780 ダリル JP:「改めてよろしく頼むよ、\wリリア」 CN:「再次拜托你了，莉莉娅」 || 781 リリア JP:「…\w…\wありがとうございます。こちらこそよろしくお願いします、\w隊長」 CN:「……谢谢您。也请您多多关照，队长」,783 リリア JP:「もちろん！」 CN:「当然！」 || 784 旁白 JP:チーム。…\w…\w改めて耳にすると、\wいい言葉だな。 CN:团队。……重新听到这个词，真是个好词啊。 || 785 ダリル JP:「…\w…\wさて、\wここまでの説明はいいかい？」 CN:「……好了，到目前为止的说明可以吗？」,deepseek-v4-flash,slot-by-slot-second-review-jp-primary-no-en-thinking-disabled
789,game_t00788,030_UAF_DAY93_01.egpack,030_UAF_DAY93_01,ウィル,「隊長、\w小官は常にあなたの忠実な聞き手であったと認識しておりますが」,「队长，小官认识到自己一直是您忠实的听众」,「队长，小官认为自己一直是您忠实的听众。」,自动修正,二次复核修正,Codex逐槽位二次复核：按JP和上下文确认当前译文需修正。,no,隊長=>队长, | Codex confirmed and applied. | Codex confirmed and applied.,786 リリア JP:「はい、\w問題ありません」 CN:「是的，没问题」 || 787 ダリル JP:「よしよし。リリア少尉はウィル坊と違って素直でいいねえ」 CN:「好了好了。莉莉娅少尉不像威尔小子那么倔，真乖啊」 || 788 旁白 JP:…\w…\wまたか！ CN:……又是这样！,790 ダリル JP:「…\w…\wやれやれ、\w素直の意味を上官に定義させる気かい？」 CN:「……哎呀呀，你是想让长官来定义‘坦率’的意思吗？」 || 791 リリア JP:「…\w…\wふふっ」 CN:「……呵呵」 || 792 ウィル JP:「…\w…\w…\w…\wコホン」 CN:「……咳咳」,deepseek-v4-flash,slot-by-slot-second-review-jp-primary-no-en-thinking-disabled
793,game_t00792,030_UAF_DAY93_01.egpack,030_UAF_DAY93_01,,…\w…\w…\w…\wまあ、\wリリアの受けが取れたなら良しとしよう。,…………嘛，既然莉莉娅的接球成功了，那就这样吧。,…………嘛，既然逗得莉莉娅笑了，就算好吧。,自动修正,二次复核修正,Codex逐槽位二次复核：按JP和上下文确认当前译文需修正。,no,リリア=>莉莉娅,上下文为训练或战斗场景，Daryl评价Lilia的防御动作。 | Codex confirmed and applied. | Codex confirmed and applied.,790 ダリル JP:「…\w…\wやれやれ、\w素直の意味を上官に定義させる気かい？」 CN:「……哎呀呀，你是想让长官来定义‘坦率’的意思吗？」 || 791 リリア JP:「…\w…\wふふっ」 CN:「……呵呵」 || 792 ウィル JP:「…\w…\w…\w…\wコホン」 CN:「……咳咳」,794 ダリル JP:「さ、\w次々行こうか。リリアもまだ本調子じゃないだろうからね」 CN:「来，继续前进吧。莉莉娅也还没恢复状态呢。」 || 795 リリア JP:「ありがとうございます」 CN:「谢谢」 || 796 ダリル JP:「…\w…\wこれが素直ってもんだよ、\wウィル」 CN:「……这才是坦率嘛，威尔」,deepseek-v4-flash,slot-by-slot-second-review-jp-primary-no-en-thinking-disabled
794,game_t00793,030_UAF_DAY93_01.egpack,030_UAF_DAY93_01,ダリル,「さ、\w次々行こうか。リリアもまだ本調子じゃないだろうからね」,「来，继续前进吧。莉莉娅也还没恢复状态呢。」,「好了，继续往下说吧。莉莉娅应该也还没完全恢复。」,自动修正,二次复核修正,Codex逐槽位二次复核：按JP和上下文确认当前译文需修正。,no,リリア=>莉莉娅; まだ=>还, | Codex confirmed and applied.,791 リリア JP:「…\w…\wふふっ」 CN:「……呵呵」 || 792 ウィル JP:「…\w…\w…\w…\wコホン」 CN:「……咳咳」 || 793 旁白 JP:…\w…\w…\w…\wまあ、\wリリアの受けが取れたなら良しとしよう。 CN:…………嘛，既然莉莉娅的接球成功了，那就这样吧。,795 リリア JP:「ありがとうございます」 CN:「谢谢」 || 796 ダリル JP:「…\w…\wこれが素直ってもんだよ、\wウィル」 CN:「……这才是坦率嘛，威尔」 || 797 ウィル JP:「…\w…\w勉強になります」 CN:「……受教了」,deepseek-v4-flash,slot-by-slot-second-review-jp-primary-no-en-thinking-disabled
